exec_date,signal_date,sell_code,buy_code,sell_price_ohlc4,buy_price_ohlc4,sell_commission,buy_commission,cash_before_trade,nav_after_trade_eod,action,holdings,cash_ratio,holding_ratios
2020-02-10,2020-02-07,,159915.SZ,,1.94725,0.0,4.997638167217761,39983.60415682569,40104.417465482824,调仓买入,"159915.SZ,518880.SH,159985.SZ,510300.SH",0.12467796074098074,"159915.SZ:0.2510,518880.SH:0.2488,159985.SZ:0.1251,510300.SH:0.2504"
2020-02-10,2020-02-07,,518880.SH,,3.4869999999999997,0.0,4.997638167217761,39983.60415682569,40104.417465482824,调仓买入,"159915.SZ,518880.SH,159985.SZ,510300.SH",0.12467796074098074,"159915.SZ:0.2510,518880.SH:0.2488,159985.SZ:0.1251,510300.SH:0.2504"
2020-02-10,2020-02-07,,159985.SZ,,0.94625,0.0,2.4988190836088804,39983.60415682569,40104.417465482824,调仓买入,"159915.SZ,518880.SH,159985.SZ,510300.SH",0.12467796074098074,"159915.SZ:0.2510,518880.SH:0.2488,159985.SZ:0.1251,510300.SH:0.2504"
2020-02-10,2020-02-07,,510300.SH,,4.3911074999999995,0.0,4.997638167217761,39983.60415682569,40104.417465482824,调仓买入,"159915.SZ,518880.SH,159985.SZ,510300.SH",0.12467796074098074,"159915.SZ:0.2510,518880.SH:0.2488,159985.SZ:0.1251,510300.SH:0.2504"
2020-02-11,2020-02-11,159985.SZ,,0.94775,,1.2513901117518182,0.0,5000.273976355789,40102.54619401538,风险减半仓,"159915.SZ,518880.SH,159985.SZ,510300.SH",0.18706549887017376,"159915.SZ:0.2492,518880.SH:0.2482,159985.SZ:0.0624,510300.SH:0.2531"
2020-02-13,2020-02-13,510300.SH,,4.47960825,,2.549181631784642,0.0,7502.213873066806,40423.364977859484,风险减半仓,"159915.SZ,518880.SH,159985.SZ,510300.SH",0.311652133905835,"159915.SZ:0.2524,518880.SH:0.2475,159985.SZ:0.0626,510300.SH:0.1258"
2020-02-24,2020-02-21,159985.SZ,,0.9425000000000001,,0.0,0.0,7544.057994752233,42195.27088538446,调仓卖出,"159915.SZ,518880.SH,510300.SH,512890.SH",0.1787891826845774,"159915.SZ:0.2650,518880.SH:0.2530,510300.SH:0.1254,512890.SH:0.1778"
2020-02-24,2020-02-21,,512890.SH,,1.15,0.0,3.77014392541341,42119.97773544877,42195.27088538446,调仓买入,"159915.SZ,518880.SH,510300.SH,512890.SH",0.1787891826845774,"159915.SZ:0.2650,518880.SH:0.2530,510300.SH:0.1254,512890.SH:0.1778"
2020-02-25,2020-02-25,512890.SH,,1.124,,1.842452944419423,0.0,7544.264681272638,41943.119843440276,风险减半仓,"159915.SZ,518880.SH,510300.SH,512890.SH",0.26767985212056106,"159915.SZ:0.2685,518880.SH:0.2493,510300.SH:0.1260,512890.SH:0.0886"
2020-02-28,2020-02-28,159915.SZ,,2.02375,,2.596988121942982,0.0,11228.250936541146,40659.366633811995,风险减半仓,"159915.SZ,518880.SH,510300.SH,512890.SH",0.40383388999106395,"159915.SZ:0.1259,518880.SH:0.2554,510300.SH:0.1245,512890.SH:0.0903"
2020-03-18,2020-03-18,512890.SH,,1.07525,,0.0,0.0,19948.801269173353,38822.39932166863,止损,"159915.SZ,518880.SH,510300.SH",0.5138477172388204,"159915.SZ:0.1202,518880.SH:0.2456,510300.SH:0.1204"
2020-03-19,2020-03-19,510300.SH,,4.06283475,,0.0,0.0,24571.057875636507,38748.58942850966,止损,"159915.SZ,518880.SH",0.6341148990976716,"159915.SZ:0.1209,518880.SH:0.2450"
2020-03-23,2020-03-23,159915.SZ,,1.77925,,0.0,0.0,29136.58537302909,38701.895705122966,止损,518880.SH,0.7528464650679187,518880.SH:0.2472
2020-03-23,2020-03-20,,159985.SZ,,1.01575,0.0,2.4268353634040554,38684.74525827863,38625.626654301755,调仓买入,"518880.SH,159985.SZ,512890.SH,510300.SH",0.12572216900539765,"518880.SH:0.2476,159985.SZ:0.1273,512890.SH:0.2490,510300.SH:0.2503"
2020-03-24,2020-03-24,159985.SZ,,1.0245,,1.2238704552337951,0.0,4856.230605940344,39588.43234593934,风险减半仓,"518880.SH,159985.SZ,512890.SH,510300.SH",0.18446670436804394,"518880.SH:0.2551,159985.SZ:0.0613,512890.SH:0.2491,510300.SH:0.2501"
2020-03-24,2020-03-24,512890.SH,,1.05,,2.441952210420947,0.0,7302.747645952701,39539.47701829234,风险减半仓,"518880.SH,159985.SZ,512890.SH,510300.SH",0.3081530418054678,"518880.SH:0.2554,159985.SZ:0.0613,512890.SH:0.1247,510300.SH:0.2504"
2020-04-15,2020-04-15,510300.SH,,4.29299325,,2.601980179546909,0.0,12189.218284621102,40583.52665620265,风险减半仓,"518880.SH,159985.SZ,512890.SH,510300.SH",0.42851319479593464,"518880.SH:0.2615,159985.SZ:0.0575,512890.SH:0.1247,510300.SH:0.1278"
2020-04-21,2020-04-20,159985.SZ,,0.94825,,0.0,0.0,0.0,40478.9968380879,调仓卖出,"518880.SH,512890.SH,510300.SH,159915.SZ",0.0,"518880.SH:0.2609,512890.SH:0.1248,510300.SH:0.1285,159915.SZ:0.4858"
2020-04-21,2020-04-20,,159915.SZ,,1.94725,0.0,9.823545115852589,40464.267214036976,40478.9968380879,调仓买入,"518880.SH,512890.SH,510300.SH,159915.SZ",0.0,"518880.SH:0.2609,512890.SH:0.1248,510300.SH:0.1285,159915.SZ:0.4858"
2020-06-05,2020-06-04,512890.SH,,1.12625,,0.0,0.0,0.0,42711.81277988835,调仓卖出,"518880.SH,510300.SH,159915.SZ,159985.SZ",0.0,"518880.SH:0.2562,510300.SH:0.1285,159915.SZ:0.4930,159985.SZ:0.1223"
2020-06-05,2020-06-04,,159985.SZ,,0.9884999999999999,0.0,2.6166664788064047,42629.079502682696,42711.81277988835,调仓买入,"518880.SH,510300.SH,159915.SZ,159985.SZ",0.0,"518880.SH:0.2562,510300.SH:0.1285,159915.SZ:0.4930,159985.SZ:0.1223"
2020-06-19,2020-06-18,518880.SH,,3.8417499999999998,,0.0,0.0,5503.3199285042665,44389.277951195385,调仓卖出,"510300.SH,159915.SZ,159985.SZ,512890.SH",0.1239785863278739,"510300.SH:0.1268,159915.SZ:0.5087,159985.SZ:0.1164,512890.SH:0.1241"
2020-06-19,2020-06-18,,512890.SH,,1.1420000000000001,0.0,2.750284821841213,44162.13859774721,44389.277951195385,调仓买入,"510300.SH,159915.SZ,159985.SZ,512890.SH",0.1239785863278739,"510300.SH:0.1268,159915.SZ:0.5087,159985.SZ:0.1164,512890.SH:0.1241"
2020-06-22,2020-06-22,512890.SH,,1.14,,1.3727341054724091,0.0,5503.470704392719,44643.35289363915,风险减半仓,"510300.SH,159915.SZ,159985.SZ,512890.SH",0.18474343091751044,"510300.SH:0.1262,159915.SZ:0.5115,159985.SZ:0.1163,512890.SH:0.0613"
2020-07-07,2020-07-06,159985.SZ,,1.01,,0.0,0.0,0.0,48474.03789467483,调仓卖出,"510300.SH,159915.SZ,512890.SH,518880.SH",0.0,"510300.SH:0.1339,159915.SZ:0.5210,512890.SH:0.0646,518880.SH:0.2804"
2020-07-07,2020-07-06,,518880.SH,,3.9092499999999997,0.0,6.793645718380641,48467.99371930651,48474.03789467483,调仓买入,"510300.SH,159915.SZ,512890.SH,518880.SH",0.0,"510300.SH:0.1339,159915.SZ:0.5210,512890.SH:0.0646,518880.SH:0.2804"
2020-07-16,2020-07-16,159915.SZ,,2.6422499999999998,,6.6648509647866225,0.0,0.0,49207.99660001419,风险减半仓,"510300.SH,159915.SZ,512890.SH,518880.SH",0.2707494309696123,"510300.SH:0.1269,159915.SZ:0.2622,512890.SH:0.0627,518880.SH:0.2774"
2020-07-21,2020-07-20,518880.SH,,3.9455,,0.0,0.0,13515.280124411454,49989.177430138814,调仓卖出,"510300.SH,159915.SZ,512890.SH,159985.SZ",0.27036412318045067,"510300.SH:0.1300,159915.SZ:0.2667,512890.SH:0.0638,159985.SZ:0.2691"
2020-07-21,2020-07-20,,159985.SZ,,1.0202499999999999,0.0,6.7542629307403566,49976.3904918445,49989.177430138814,调仓买入,"510300.SH,159915.SZ,512890.SH,159985.SZ",0.27036412318045067,"510300.SH:0.1300,159915.SZ:0.2667,512890.SH:0.0638,159985.SZ:0.2691"
2020-07-22,2020-07-22,159985.SZ,,1.0185,,3.371338787041928,0.0,13515.650406058698,50280.847871348815,风险减半仓,"510300.SH,159915.SZ,512890.SH,159985.SZ",0.4028364178181898,"510300.SH:0.1307,159915.SZ:0.2687,512890.SH:0.0635,159985.SZ:0.1343"
2020-08-04,2020-08-03,510300.SH,,5.469798750000001,,0.0,0.0,0.0,50673.70892240964,调仓卖出,"159915.SZ,512890.SH,159985.SZ,518880.SH",0.0,"159915.SZ:0.2726,512890.SH:0.0641,159985.SZ:0.1334,518880.SH:0.5299"
2020-08-04,2020-08-03,,518880.SH,,4.20925,0.0,13.436840902466177,50788.78360907889,50673.70892240964,调仓买入,"159915.SZ,512890.SH,159985.SZ,518880.SH",0.0,"159915.SZ:0.2726,512890.SH:0.0641,159985.SZ:0.1334,518880.SH:0.5299"
2020-08-18,2020-08-17,159985.SZ,,1.0165,,0.0,0.0,0.0,50202.78104094871,调仓卖出,"159915.SZ,512890.SH,518880.SH,510300.SH",0.0,"159915.SZ:0.2618,512890.SH:0.0671,518880.SH:0.5373,510300.SH:0.1339"
2020-08-18,2020-08-17,,510300.SH,,5.510232,0.0,3.3613555461735074,50171.65184847081,50202.78104094871,调仓买入,"159915.SZ,512890.SH,518880.SH,510300.SH",0.0,"159915.SZ:0.2618,512890.SH:0.0671,518880.SH:0.5373,510300.SH:0.1339"
2020-09-01,2020-08-31,518880.SH,,4.1610000000000005,,0.0,0.0,0.0,50041.131562468254,调仓卖出,"159915.SZ,512890.SH,510300.SH,159985.SZ",0.0,"159915.SZ:0.2680,512890.SH:0.0655,510300.SH:0.1353,159985.SZ:0.5312"
2020-09-01,2020-08-31,,159985.SZ,,1.02725,0.0,13.269540236750828,49861.282273893914,50041.131562468254,调仓买入,"159915.SZ,512890.SH,510300.SH,159985.SZ",0.0,"159915.SZ:0.2680,512890.SH:0.0655,510300.SH:0.1353,159985.SZ:0.5312"
2020-09-15,2020-09-14,512890.SH,,1.3225,,0.0,0.0,0.0,50524.125926566456,调仓卖出,"159915.SZ,510300.SH,159985.SZ,518880.SH",0.0,"159915.SZ:0.2500,510300.SH:0.1296,159985.SZ:0.5574,518880.SH:0.0630"
2020-09-15,2020-09-14,,518880.SH,,4.1005,0.0,1.5909002814908488,50424.82992636337,50524.125926566456,调仓买入,"159915.SZ,510300.SH,159985.SZ,518880.SH",0.0,"159915.SZ:0.2500,510300.SH:0.1296,159985.SZ:0.5574,518880.SH:0.0630"
2020-09-29,2020-09-28,518880.SH,,3.96625,,0.0,0.0,1538.0449426514688,49706.53736822667,调仓卖出,"159915.SZ,510300.SH,159985.SZ,512890.SH",0.030942508251130266,"159915.SZ:0.2516,510300.SH:0.1294,159985.SZ:0.5572,512890.SH:0.0309"
2020-09-29,2020-09-28,,512890.SH,,1.29525,0.0,0.7686381522496096,49675.981925914115,49706.53736822667,调仓买入,"159915.SZ,510300.SH,159985.SZ,512890.SH",0.030942508251130266,"159915.SZ:0.2516,510300.SH:0.1294,159985.SZ:0.5572,512890.SH:0.0309"
2020-09-30,2020-09-30,512890.SH,,1.29075,,0.38298386219501396,0.0,1538.0870808690756,49885.067636804524,风险减半仓,"159915.SZ,510300.SH,159985.SZ,512890.SH",0.046179587009265485,"159915.SZ:0.2517,510300.SH:0.1285,159985.SZ:0.5583,512890.SH:0.0153"
2020-10-26,2020-10-26,159985.SZ,,1.141,,7.369455054822435,0.0,2304.429307089533,51862.32495950004,风险减半仓,"159915.SZ,510300.SH,159985.SZ,512890.SH",0.3284845015140218,"159915.SZ:0.2464,510300.SH:0.1264,159985.SZ:0.2837,512890.SH:0.0150"
2020-12-16,2020-12-15,512890.SH,,1.34875,,0.0,0.0,1.8189894035458565e-12,53056.7070525556,调仓卖出,"159915.SZ,510300.SH,513300.SH,518880.SH",3.428387294643158e-17,"159915.SZ:0.2536,510300.SH:0.1306,513300.SH:0.3077,518880.SH:0.3081"
2020-12-16,2020-12-15,159985.SZ,,1.1477499999999998,,0.0,0.0,1.8189894035458565e-12,53056.7070525556,调仓卖出,"159915.SZ,510300.SH,513300.SH,518880.SH",3.428387294643158e-17,"159915.SZ:0.2536,510300.SH:0.1306,513300.SH:0.3077,518880.SH:0.3081"
2020-12-16,2020-12-15,,513300.SH,,1.04225,0.0,8.163899208957584,53010.83063681161,53056.7070525556,调仓买入,"159915.SZ,510300.SH,513300.SH,518880.SH",3.428387294643158e-17,"159915.SZ:0.2536,510300.SH:0.1306,513300.SH:0.3077,518880.SH:0.3081"
2020-12-16,2020-12-15,,518880.SH,,3.7885,0.0,8.163899208957583,53010.83063681161,53056.7070525556,调仓买入,"159915.SZ,510300.SH,513300.SH,518880.SH",3.428387294643158e-17,"159915.SZ:0.2536,510300.SH:0.1306,513300.SH:0.3077,518880.SH:0.3081"
2020-12-30,2020-12-29,510300.SH,,5.81758125,,0.0,0.0,0.0,54400.918488284646,调仓卖出,"159915.SZ,513300.SH,518880.SH,159985.SZ",0.0,"159915.SZ:0.2596,513300.SH:0.3061,518880.SH:0.3036,159985.SZ:0.1307"
2020-12-30,2020-12-29,,159985.SZ,,1.2252500000000002,0.0,3.545297877402569,54185.53790867566,54400.918488284646,调仓买入,"159915.SZ,513300.SH,518880.SH,159985.SZ",0.0,"159915.SZ:0.2596,513300.SH:0.3061,518880.SH:0.3036,159985.SZ:0.1307"
2021-01-04,2021-01-04,159985.SZ,,1.27875,,1.8500508715480655,0.0,0.0,55782.53867168631,风险减半仓,"159915.SZ,513300.SH,518880.SH,159985.SZ",0.06629765837641438,"159915.SZ:0.2691,513300.SH:0.2968,518880.SH:0.3015,159985.SZ:0.0662"
2021-01-14,2021-01-13,518880.SH,,3.779,,0.0,0.0,0.0,55427.31035940133,调仓卖出,"159915.SZ,513300.SH,159985.SZ,510300.SH",0.0,"159915.SZ:0.2719,513300.SH:0.2996,159985.SZ:0.0715,510300.SH:0.3570"
2021-01-14,2021-01-13,,510300.SH,,6.32596575,0.0,9.98389501867206,55704.552858224175,55427.31035940133,调仓买入,"159915.SZ,513300.SH,159985.SZ,510300.SH",0.0,"159915.SZ:0.2719,513300.SH:0.2996,159985.SZ:0.0715,510300.SH:0.3570"
2021-02-18,2021-02-10,159985.SZ,,1.279,,0.0,0.0,0.0,58219.49254615042,调仓卖出,"159915.SZ,513300.SH,510300.SH,518880.SH",0.0,"159915.SZ:0.2775,513300.SH:0.3008,510300.SH:0.3581,518880.SH:0.0636"
2021-02-18,2021-02-10,,518880.SH,,3.6460000000000004,0.0,1.8485630750041366,58885.44294848915,58219.49254615042,调仓买入,"159915.SZ,513300.SH,510300.SH,518880.SH",0.0,"159915.SZ:0.2775,513300.SH:0.3008,510300.SH:0.3581,518880.SH:0.0636"
2021-03-04,2021-03-03,159915.SZ,,2.8049999999999997,,0.0,0.0,4426.354886678118,53065.915520901784,调仓卖出,"513300.SH,510300.SH,512890.SH,159985.SZ",0.08341239085820823,"513300.SH:0.3067,510300.SH:0.3604,512890.SH:0.0834,159985.SZ:0.1660"
2021-03-04,2021-03-03,518880.SH,,3.5142499999999997,,0.0,0.0,4426.354886678118,53065.915520901784,调仓卖出,"513300.SH,510300.SH,512890.SH,159985.SZ",0.08341239085820823,"513300.SH:0.3067,510300.SH:0.3604,512890.SH:0.0834,159985.SZ:0.1660"
2021-03-04,2021-03-03,,512890.SH,,1.4100000000000001,0.0,2.212071407635242,53341.292958090286,53065.915520901784,调仓买入,"513300.SH,510300.SH,512890.SH,159985.SZ",0.08341239085820823,"513300.SH:0.3067,510300.SH:0.3604,512890.SH:0.0834,159985.SZ:0.1660"
2021-03-04,2021-03-03,,159985.SZ,,1.23225,0.0,4.424142815270484,53341.292958090286,53065.915520901784,调仓买入,"513300.SH,510300.SH,512890.SH,159985.SZ",0.08341239085820823,"513300.SH:0.3067,510300.SH:0.3604,512890.SH:0.0834,159985.SZ:0.1660"
2021-03-05,2021-03-05,512890.SH,,1.396,,1.0950537890279421,0.0,4426.476156675014,52750.384351320106,风险减半仓,"513300.SH,510300.SH,512890.SH,159985.SZ",0.12541119391438735,"513300.SH:0.3047,510300.SH:0.3611,512890.SH:0.0413,159985.SZ:0.1674"
2021-03-08,2021-03-08,510300.SH,,5.9520375,,0.0,0.0,25393.768840697332,52804.74789456162,止损,"513300.SH,512890.SH,159985.SZ",0.48089934813063745,"513300.SH:0.3077,512890.SH:0.0411,159985.SZ:0.1704"
2021-03-18,2021-03-17,,518880.SH,,3.6075,0.0,12.693320905538974,53239.15244858216,53191.741826885416,调仓买入,"513300.SH,512890.SH,159985.SZ,518880.SH",0.0,"513300.SH:0.3204,512890.SH:0.0421,159985.SZ:0.1606,518880.SH:0.4768"
2021-03-31,2021-03-31,513300.SH,,1.074,,4.206297793437489,0.0,0.0,52324.123691757515,风险减半仓,"513300.SH,512890.SH,159985.SZ,518880.SH",0.16069813875174546,"513300.SH:0.1609,512890.SH:0.0425,159985.SZ:0.1658,518880.SH:0.4701"
2021-04-16,2021-04-15,512890.SH,,1.436,,0.0,0.0,0.0,54424.93436998284,调仓卖出,"513300.SH,159985.SZ,518880.SH,159915.SZ",0.0,"513300.SH:0.1668,159985.SZ:0.1664,518880.SH:0.4710,159915.SZ:0.1958"
2021-04-16,2021-04-15,,159915.SZ,,2.6885000000000003,0.0,5.328664976277866,54412.268388146,54424.93436998284,调仓买入,"513300.SH,159985.SZ,518880.SH,159915.SZ",0.0,"513300.SH:0.1668,159985.SZ:0.1664,518880.SH:0.4710,159915.SZ:0.1958"
2021-05-19,2021-05-18,513300.SH,,1.0807499999999999,,0.0,0.0,4230.617655574895,56405.69772234598,调仓卖出,"159985.SZ,518880.SH,159915.SZ,512890.SH",0.07500337424066418,"159985.SZ:0.1628,518880.SH:0.4756,159915.SZ:0.2117,512890.SH:0.0749"
2021-05-19,2021-05-18,,512890.SH,,1.486,0.0,2.1142517019364795,56279.25447378514,56405.69772234598,调仓买入,"159985.SZ,518880.SH,159915.SZ,512890.SH",0.07500337424066418,"159985.SZ:0.1628,518880.SH:0.4756,159915.SZ:0.2117,512890.SH:0.0749"
2021-05-20,2021-05-20,512890.SH,,1.4645000000000001,,1.041830961469036,0.0,4230.733562907924,56455.81675169764,风险减半仓,"159985.SZ,518880.SH,159915.SZ,512890.SH",0.11182822281451951,"159985.SZ:0.1625,518880.SH:0.4750,159915.SZ:0.2137,512890.SH:0.0369"
2021-06-02,2021-06-01,159985.SZ,,1.27725,,0.0,0.0,7740.8685743984715,56753.07749179899,调仓卖出,"518880.SH,159915.SZ,512890.SH,510300.SH",0.13639557388790155,"518880.SH:0.4703,159915.SZ:0.2188,512890.SH:0.0386,510300.SH:0.1358"
2021-06-02,2021-06-01,,510300.SH,,6.0987255,0.0,3.8685000371806457,57002.80944408185,56753.07749179899,调仓买入,"518880.SH,159915.SZ,512890.SH,510300.SH",0.13639557388790155,"518880.SH:0.4703,159915.SZ:0.2188,512890.SH:0.0386,510300.SH:0.1358"
2021-06-03,2021-06-03,510300.SH,,6.058042499999999,,1.9213471434721836,0.0,7741.080652989551,56435.213359593545,风险减半仓,"518880.SH,159915.SZ,512890.SH,510300.SH",0.2052238824542624,"518880.SH:0.4706,159915.SZ:0.2177,512890.SH:0.0387,510300.SH:0.0678"
2021-06-17,2021-06-16,518880.SH,,3.6694999999999998,,0.0,0.0,0.0,55524.73482214024,调仓卖出,"159915.SZ,512890.SH,510300.SH,513300.SH",0.0,"159915.SZ:0.2205,512890.SH:0.0385,510300.SH:0.0670,513300.SH:0.6740"
2021-06-17,2021-06-16,,513300.SH,,1.1315,0.0,18.6880287155832,55351.85989897277,55524.73482214024,调仓买入,"159915.SZ,512890.SH,510300.SH,513300.SH",0.0,"159915.SZ:0.2205,512890.SH:0.0385,510300.SH:0.0670,513300.SH:0.6740"
2021-06-24,2021-06-24,513300.SH,,1.1725,,9.682595523208708,0.0,0.0,57208.15712208291,风险减半仓,"159915.SZ,512890.SH,510300.SH,513300.SH",0.3383347659598493,"159915.SZ:0.2199,512890.SH:0.0377,510300.SH:0.0659,513300.SH:0.3381"
2021-07-15,2021-07-14,510300.SH,,5.923674,,0.0,0.0,0.0,59004.30716404093,调仓卖出,"159915.SZ,513300.SH,159985.SZ,518880.SH",0.0,"159915.SZ:0.2304,513300.SH:0.3423,159985.SZ:0.2134,518880.SH:0.2139"
2021-07-15,2021-07-14,512890.SH,,1.48375,,0.0,0.0,0.0,59004.30716404093,调仓卖出,"159915.SZ,513300.SH,159985.SZ,518880.SH",0.0,"159915.SZ:0.2304,513300.SH:0.3423,159985.SZ:0.2134,518880.SH:0.2139"
2021-07-15,2021-07-14,,159985.SZ,,1.31275,0.0,6.304108721508081,58818.61861193693,59004.30716404093,调仓买入,"159915.SZ,513300.SH,159985.SZ,518880.SH",0.0,"159915.SZ:0.2304,513300.SH:0.3423,159985.SZ:0.2134,518880.SH:0.2139"
2021-07-15,2021-07-14,,518880.SH,,3.71725,0.0,6.304108721508081,58818.61861193693,59004.30716404093,调仓买入,"159915.SZ,513300.SH,159985.SZ,518880.SH",0.0,"159915.SZ:0.2304,513300.SH:0.3423,159985.SZ:0.2134,518880.SH:0.2139"
2021-07-28,2021-07-28,159985.SZ,,1.276,,3.0638136464080405,0.0,0.0,57767.47904846146,风险减半仓,"159915.SZ,513300.SH,159985.SZ,518880.SH",0.10602095815937793,"159915.SZ:0.2184,513300.SH:0.3525,159985.SZ:0.1059,518880.SH:0.2171"
2021-07-29,2021-07-29,159915.SZ,,3.30175,,3.272069850367388,0.0,6124.731275429377,58505.369350400564,风险减半仓,"159915.SZ,513300.SH,159985.SZ,518880.SH",0.21648609430113902,"159915.SZ:0.1138,513300.SH:0.3481,159985.SZ:0.1067,518880.SH:0.2150"
2021-08-12,2021-08-11,518880.SH,,3.578,,0.0,0.0,12399.454434491698,57785.899367928345,调仓卖出,"159915.SZ,513300.SH,159985.SZ,510300.SH",0.2145757800798978,"159915.SZ:0.1125,513300.SH:0.3524,159985.SZ:0.1065,510300.SH:0.2141"
2021-08-12,2021-08-11,,510300.SH,,5.7938895,0.0,6.196628902794451,57859.76231920361,57785.899367928345,调仓买入,"159915.SZ,513300.SH,159985.SZ,510300.SH",0.2145757800798978,"159915.SZ:0.1125,513300.SH:0.3524,159985.SZ:0.1065,510300.SH:0.2141"
2021-08-13,2021-08-13,510300.SH,,5.760942,,3.0806955935665044,0.0,12399.794145572096,57908.49876872116,风险减半仓,"159915.SZ,513300.SH,159985.SZ,510300.SH",0.32047290176231535,"159915.SZ:0.1112,513300.SH:0.3534,159985.SZ:0.1087,510300.SH:0.1062"
2021-08-26,2021-08-25,159915.SZ,,3.20825,,0.0,0.0,7765.821268779673,57905.89104211485,调仓卖出,"513300.SH,510300.SH,512890.SH,518880.SH",0.13411107452144386,"513300.SH:0.3600,510300.SH:0.1034,512890.SH:0.1348,518880.SH:0.2677"
2021-08-26,2021-08-25,159985.SZ,,1.2802499999999999,,0.0,0.0,7765.821268779673,57905.89104211485,调仓卖出,"513300.SH,510300.SH,512890.SH,518880.SH",0.13411107452144386,"513300.SH:0.3600,510300.SH:0.1034,512890.SH:0.1348,518880.SH:0.2677"
2021-08-26,2021-08-25,,512890.SH,,1.5222499999999999,0.0,3.880970149315179,57920.99994946373,57905.89104211485,调仓买入,"513300.SH,510300.SH,512890.SH,518880.SH",0.13411107452144386,"513300.SH:0.3600,510300.SH:0.1034,512890.SH:0.1348,518880.SH:0.2677"
2021-08-26,2021-08-25,,518880.SH,,3.6502499999999998,0.0,7.761940298630358,57920.99994946373,57905.89104211485,调仓买入,"513300.SH,510300.SH,512890.SH,518880.SH",0.13411107452144386,"513300.SH:0.3600,510300.SH:0.1034,512890.SH:0.1348,518880.SH:0.2677"
2021-08-27,2021-08-27,512890.SH,,1.5325,,1.9535512411974092,0.0,7766.034031006215,58134.69093609278,风险减半仓,"513300.SH,510300.SH,512890.SH,518880.SH",0.20076107353851622,"513300.SH:0.3591,510300.SH:0.1033,512890.SH:0.0675,518880.SH:0.2694"
2021-09-27,2021-09-24,513300.SH,,1.2565,,0.0,0.0,0.0,57943.67474046485,调仓卖出,"510300.SH,512890.SH,159985.SZ,159915.SZ",0.0,"510300.SH:0.1050,512890.SH:0.0720,159985.SZ:0.4122,159915.SZ:0.4108"
2021-09-27,2021-09-24,518880.SH,,3.593,,0.0,0.0,0.0,57943.67474046485,调仓卖出,"510300.SH,512890.SH,159985.SZ,159915.SZ",0.0,"510300.SH:0.1050,512890.SH:0.0720,159985.SZ:0.4122,159915.SZ:0.4108"
2021-09-27,2021-09-24,,159985.SZ,,1.28125,0.0,11.917090874614587,57965.61732071551,57943.67474046485,调仓买入,"510300.SH,512890.SH,159985.SZ,159915.SZ",0.0,"510300.SH:0.1050,512890.SH:0.0720,159985.SZ:0.4122,159915.SZ:0.4108"
2021-09-27,2021-09-24,,159915.SZ,,3.1342499999999998,0.0,11.917090874614587,57965.61732071551,57943.67474046485,调仓买入,"510300.SH,512890.SH,159985.SZ,159915.SZ",0.0,"510300.SH:0.1050,512890.SH:0.0720,159985.SZ:0.4122,159915.SZ:0.4108"
2021-10-13,2021-10-13,159985.SZ,,1.187,,0.0,0.0,22069.875628852184,55976.45924027218,止损,"510300.SH,512890.SH,159915.SZ",0.3942706617815877,"510300.SH:0.1097,512890.SH:0.0737,159915.SZ:0.4224"
2021-10-18,2021-10-15,512890.SH,,1.62825,,0.0,0.0,0.0,56363.69793599028,调仓卖出,"510300.SH,159915.SZ,518880.SH,513300.SH",0.0,"510300.SH:0.1076,159915.SZ:0.4280,518880.SH:0.2321,513300.SH:0.2323"
2021-10-18,2021-10-15,,518880.SH,,3.58525,0.0,6.551931721231908,56370.21900060299,56363.69793599028,调仓买入,"510300.SH,159915.SZ,518880.SH,513300.SH",0.0,"510300.SH:0.1076,159915.SZ:0.4280,518880.SH:0.2321,513300.SH:0.2323"
2021-10-18,2021-10-15,,513300.SH,,1.23,0.0,6.551931721231908,56370.21900060299,56363.69793599028,调仓买入,"510300.SH,159915.SZ,518880.SH,513300.SH",0.0,"510300.SH:0.1076,159915.SZ:0.4280,518880.SH:0.2321,513300.SH:0.2323"
2021-11-04,2021-11-04,513300.SH,,1.3087499999999999,,3.485707577301731,0.0,0.0,57862.92767681626,风险减半仓,"510300.SH,159915.SZ,518880.SH,513300.SH",0.12042130819830564,"510300.SH:0.1046,159915.SZ:0.4284,518880.SH:0.2258,513300.SH:0.1207"
2021-11-29,2021-11-26,518880.SH,,3.6155,,0.0,0.0,3.637978807091713e-12,59119.28374089161,调仓卖出,"510300.SH,159915.SZ,513300.SH,159985.SZ",6.153624632930721e-17,"510300.SH:0.1022,159915.SZ:0.4359,513300.SH:0.1192,159985.SZ:0.3427"
2021-11-29,2021-11-26,,159985.SZ,,1.1717499999999998,0.0,10.084454559846666,58813.86432957201,59119.28374089161,调仓买入,"510300.SH,159915.SZ,513300.SH,159985.SZ",6.153624632930721e-17,"510300.SH:0.1022,159915.SZ:0.4359,513300.SH:0.1192,159985.SZ:0.3427"
2021-12-13,2021-12-10,513300.SH,,1.3207499999999999,,0.0,0.0,3515.909385734406,59712.139366590156,调仓卖出,"510300.SH,159915.SZ,159985.SZ,512890.SH",0.058880981707073295,"510300.SH:0.1058,159915.SZ:0.4316,159985.SZ:0.3450,512890.SH:0.0586"
2021-12-13,2021-12-10,,512890.SH,,1.5994605,0.0,1.7570761547898075,59792.13191496119,59712.139366590156,调仓买入,"510300.SH,159915.SZ,159985.SZ,512890.SH",0.058880981707073295,"510300.SH:0.1058,159915.SZ:0.4316,159985.SZ:0.3450,512890.SH:0.0586"
2021-12-14,2021-12-14,512890.SH,,1.5795119999999998,,0.8675809347603015,0.0,3516.0057120189467,59270.100862919106,风险减半仓,"510300.SH,159915.SZ,159985.SZ,512890.SH",0.08858260613977649,"510300.SH:0.1060,159915.SZ:0.4342,159985.SZ:0.3421,512890.SH:0.0292"
2021-12-27,2021-12-24,159915.SZ,,3.1895,,0.0,0.0,0.0,58706.101530874985,调仓卖出,"510300.SH,159985.SZ,512890.SH,518880.SH",0.0,"510300.SH:0.1044,159985.SZ:0.3633,512890.SH:0.0305,518880.SH:0.5018"
2021-12-27,2021-12-24,,518880.SH,,3.6325000000000003,0.0,14.739527250379593,58737.52520245083,58706.101530874985,调仓买入,"510300.SH,159985.SZ,512890.SH,518880.SH",0.0,"510300.SH:0.1044,159985.SZ:0.3633,512890.SH:0.0305,518880.SH:0.5018"
2022-01-11,2022-01-10,510300.SH,,5.6059455,,0.0,0.0,2996.311452853398,58559.903935986615,调仓卖出,"159985.SZ,512890.SH,518880.SH,513300.SH",0.051166604646905596,"159985.SZ:0.3630,512890.SH:0.0319,518880.SH:0.5029,513300.SH:0.0510"
2022-01-11,2022-01-10,,513300.SH,,1.261,0.0,1.4974070229152412,58599.67369022875,58559.903935986615,调仓买入,"159985.SZ,512890.SH,518880.SH,513300.SH",0.051166604646905596,"159985.SZ:0.3630,512890.SH:0.0319,518880.SH:0.5029,513300.SH:0.0510"
2022-01-12,2022-01-12,513300.SH,,1.2774999999999999,,0.7585001870635292,0.0,2996.3935435781336,58842.06910030353,风险减半仓,"159985.SZ,512890.SH,518880.SH,513300.SH",0.07669063115074672,"159985.SZ:0.3630,512890.SH:0.0316,518880.SH:0.5028,513300.SH:0.0259"
2022-01-24,2022-01-24,513300.SH,,1.16675,,0.0,0.0,5898.419265270931,58980.21786064991,止损,"159985.SZ,512890.SH,518880.SH",0.10000673919528204,"159985.SZ:0.3648,512890.SH:0.0313,518880.SH:0.5039"
2022-01-25,2022-01-24,,510300.SH,,5.498445,0.0,2.9478165246370547,58943.72303950612,58877.56809549114,调仓买入,"159985.SZ,512890.SH,518880.SH,510300.SH",0.0,"159985.SZ:0.3643,512890.SH:0.0305,518880.SH:0.5060,510300.SH:0.0992"
2022-02-07,2022-02-07,159985.SZ,,1.4037499999999998,,6.040560310810651,0.0,0.0,61175.44825403548,风险减半仓,"159985.SZ,512890.SH,518880.SH,510300.SH",0.19738441492357925,"159985.SZ:0.1982,512890.SH:0.0298,518880.SH:0.4802,510300.SH:0.0944"
2022-02-15,2022-02-14,510300.SH,,5.318316,,0.0,0.0,0.0,62153.89839976694,调仓卖出,"159985.SZ,512890.SH,518880.SH,513300.SH",0.0,"159985.SZ:0.1959,512890.SH:0.0298,518880.SH:0.4886,513300.SH:0.2857"
2022-02-15,2022-02-14,,513300.SH,,1.14975,0.0,8.88391107887843,62173.5624603467,62153.89839976694,调仓买入,"159985.SZ,512890.SH,518880.SH,513300.SH",0.0,"159985.SZ:0.1959,512890.SH:0.0298,518880.SH:0.4886,513300.SH:0.2857"
2022-02-24,2022-02-24,513300.SH,,1.0687499999999999,,4.129019337052108,0.0,0.0,63035.13309828342,风险减半仓,"159985.SZ,512890.SH,518880.SH,513300.SH",0.13094141709668156,"159985.SZ:0.2141,512890.SH:0.0292,518880.SH:0.4960,513300.SH:0.1297"
2022-02-24,2022-02-24,513300.SH,,1.0687499999999999,,0.0,0.0,16507.81930953433,63114.067391925666,止损,"159985.SZ,512890.SH,518880.SH",0.26155530758339646,"159985.SZ:0.2138,512890.SH:0.0292,518880.SH:0.4954"
2022-03-01,2022-02-28,,510300.SH,,5.350617,0.0,8.25046284546427,61933.77235831526,62072.34713490802,调仓买入,"159985.SZ,512890.SH,518880.SH,510300.SH",0.0,"159985.SZ:0.2085,512890.SH:0.0299,518880.SH:0.4950,510300.SH:0.2665"
2022-03-08,2022-03-08,510300.SH,,5.01393,,0.0,0.0,15454.875410881135,63619.747777451616,止损,"159985.SZ,512890.SH,518880.SH",0.2429257573441484,"159985.SZ:0.2164,512890.SH:0.0285,518880.SH:0.5122"
2022-03-15,2022-03-14,,513300.SH,,1.05275,0.0,3.862316999777812,62183.354800863206,61831.25856498615,调仓买入,"159985.SZ,512890.SH,518880.SH,513300.SH",0.12499335281090171,"159985.SZ:0.2201,512890.SH:0.0272,518880.SH:0.5030,513300.SH:0.1248"
2022-03-16,2022-03-16,513300.SH,,1.08575,,1.9916935086719347,0.0,7728.708056180514,62097.112654409655,风险减半仓,"159985.SZ,512890.SH,518880.SH,513300.SH",0.18857726035002934,"159985.SZ:0.2231,512890.SH:0.0276,518880.SH:0.4961,513300.SH:0.0646"
2022-04-14,2022-04-13,159985.SZ,,1.547,,0.0,0.0,12511.759708596352,63081.29320625164,调仓卖出,"512890.SH,518880.SH,513300.SH,510300.SH",0.19834342437603006,"512890.SH:0.0307,518880.SH:0.5057,513300.SH:0.0669,510300.SH:0.1983"
2022-04-14,2022-04-13,,510300.SH,,4.866683999999999,0.0,6.252753477559396,63084.11544494485,63081.29320625164,调仓买入,"512890.SH,518880.SH,513300.SH,510300.SH",0.19834342437603006,"512890.SH:0.0307,518880.SH:0.5057,513300.SH:0.0669,510300.SH:0.1983"
2022-04-25,2022-04-25,510300.SH,,4.517484,,2.902049299977041,0.0,12514.159421386368,61671.944257837495,风险减半仓,"512890.SH,518880.SH,513300.SH,510300.SH",0.2969803561805641,"512890.SH:0.0291,518880.SH:0.5164,513300.SH:0.0651,510300.SH:0.0925"
2022-04-25,2022-04-25,510300.SH,,4.517484,,0.0,0.0,24116.55252269458,61770.737314128055,止损,"512890.SH,518880.SH,513300.SH",0.39042034418421456,"512890.SH:0.0291,518880.SH:0.5155,513300.SH:0.0650"
2022-04-28,2022-04-27,513300.SH,,1.096,,0.0,0.0,7034.379090477215,61647.0714380905,调仓卖出,"512890.SH,518880.SH,159985.SZ,510300.SH",0.11410727105733708,"512890.SH:0.0299,518880.SH:0.5121,159985.SZ:0.2294,510300.SH:0.1146"
2022-04-28,2022-04-27,,159985.SZ,,1.59425,0.0,7.030863658647891,61424.78521091936,61647.0714380905,调仓买入,"512890.SH,518880.SH,159985.SZ,510300.SH",0.11410727105733708,"512890.SH:0.0299,518880.SH:0.5121,159985.SZ:0.2294,510300.SH:0.1146"
2022-04-29,2022-04-29,510300.SH,,4.614096,,1.787591786471698,0.0,7034.571813192024,62266.36063254258,风险减半仓,"512890.SH,518880.SH,159985.SZ,510300.SH",0.17036434579741364,"512890.SH:0.0301,518880.SH:0.5138,159985.SZ:0.2276,510300.SH:0.0582"
2022-05-17,2022-05-16,510300.SH,,4.629809999999999,,0.0,0.0,0.0,62037.32482098787,调仓卖出,"512890.SH,518880.SH,159985.SZ,159915.SZ",0.0,"512890.SH:0.0303,518880.SH:0.5072,159985.SZ:0.2319,159915.SZ:0.2307"
2022-05-17,2022-05-16,,159915.SZ,,2.2737499999999997,0.0,7.094527468541822,61923.84078417347,62037.32482098787,调仓买入,"512890.SH,518880.SH,159985.SZ,159915.SZ",0.0,"512890.SH:0.0303,518880.SH:0.5072,159985.SZ:0.2319,159915.SZ:0.2307"
2022-05-19,2022-05-19,159985.SZ,,1.6270000000000002,,3.5876478509079885,0.0,0.0,61849.48336509827,风险减半仓,"512890.SH,518880.SH,159985.SZ,159915.SZ",0.11595421115533637,"512890.SH:0.0304,518880.SH:0.5052,159985.SZ:0.1158,159915.SZ:0.2327"
2022-05-31,2022-05-30,518880.SH,,3.8735,,0.0,0.0,0.0,62657.086264106576,调仓卖出,"512890.SH,159985.SZ,159915.SZ,510300.SH",0.0,"512890.SH:0.0303,159985.SZ:0.1170,159915.SZ:0.2325,510300.SH:0.6203"
2022-05-31,2022-05-30,,510300.SH,,4.723803,0.0,19.286566484409143,62137.2863558369,62657.086264106576,调仓买入,"512890.SH,159985.SZ,159915.SZ,510300.SH",0.0,"512890.SH:0.0303,159985.SZ:0.1170,159915.SZ:0.2325,510300.SH:0.6203"
2022-06-29,2022-06-28,159985.SZ,,1.53225,,0.0,0.0,0.0,67755.84900538286,调仓卖出,"512890.SH,159915.SZ,510300.SH,518880.SH",0.0,"512890.SH:0.0280,159915.SZ:0.2471,510300.SH:0.6254,518880.SH:0.0995"
2022-06-29,2022-06-28,,518880.SH,,3.8265,0.0,3.3753404999061547,68177.74727161587,67755.84900538286,调仓买入,"512890.SH,159915.SZ,510300.SH,518880.SH",0.0,"512890.SH:0.0280,159915.SZ:0.2471,510300.SH:0.6254,518880.SH:0.0995"
2022-07-13,2022-07-12,518880.SH,,3.6505,,0.0,0.0,0.0,66389.38777318729,调仓卖出,"512890.SH,159915.SZ,510300.SH,513300.SH",0.0,"512890.SH:0.0283,159915.SZ:0.2505,510300.SH:0.6241,513300.SH:0.0971"
2022-07-13,2022-07-12,,513300.SH,,1.01175,0.0,3.2168731143796885,66196.90624491988,66389.38777318729,调仓买入,"512890.SH,159915.SZ,510300.SH,513300.SH",0.0,"512890.SH:0.0283,159915.SZ:0.2505,510300.SH:0.6241,513300.SH:0.0971"
2022-07-27,2022-07-26,510300.SH,,4.9851209999999995,,0.0,0.0,0.0,65744.62137710134,调仓卖出,"512890.SH,159915.SZ,513300.SH,159985.SZ",0.0,"512890.SH:0.0281,159915.SZ:0.2503,513300.SH:0.1018,159985.SZ:0.6197"
2022-07-27,2022-07-26,,159985.SZ,,1.547,0.0,20.333144667682838,65626.68239312229,65744.62137710134,调仓买入,"512890.SH,159915.SZ,513300.SH,159985.SZ",0.0,"512890.SH:0.0281,159915.SZ:0.2503,513300.SH:0.1018,159985.SZ:0.6197"
2022-08-10,2022-08-09,159915.SZ,,2.59225,,0.0,0.0,1.8189894035458565e-12,67217.03084937361,调仓卖出,"512890.SH,513300.SH,159985.SZ,518880.SH",2.7061436373499194e-17,"512890.SH:0.0270,513300.SH:0.1043,159985.SZ:0.6285,518880.SH:0.2402"
2022-08-10,2022-08-09,,518880.SH,,3.798,0.0,8.080223081823519,67235.31097569467,67217.03084937361,调仓买入,"512890.SH,513300.SH,159985.SZ,518880.SH",2.7061436373499194e-17,"512890.SH:0.0270,513300.SH:0.1043,159985.SZ:0.6285,518880.SH:0.2402"
2022-08-24,2022-08-23,518880.SH,,3.7837500000000004,,0.0,0.0,0.0,68991.59489196693,调仓卖出,"512890.SH,513300.SH,159985.SZ,159915.SZ",0.0,"512890.SH:0.0270,513300.SH:0.1026,159985.SZ:0.6424,159915.SZ:0.2280"
2022-08-24,2022-08-23,,159915.SZ,,2.658,0.0,8.041860405712578,69213.59470312005,68991.59489196693,调仓买入,"512890.SH,513300.SH,159985.SZ,159915.SZ",0.0,"512890.SH:0.0270,513300.SH:0.1026,159985.SZ:0.6424,159915.SZ:0.2280"
2022-09-01,2022-09-01,159915.SZ,,2.47875,,0.0,0.0,14991.56854771988,66506.94104866538,止损,"512890.SH,513300.SH,159985.SZ",0.22541359309774964,"512890.SH:0.0289,513300.SH:0.1011,159985.SZ:0.6447"
2022-09-07,2022-09-06,513300.SH,,1.0525,,0.0,0.0,0.0,67345.45002846961,调仓卖出,"512890.SH,159985.SZ,518880.SH,510300.SH",0.0,"512890.SH:0.0294,159985.SZ:0.6483,518880.SH:0.1610,510300.SH:0.1612"
2022-09-07,2022-09-06,,518880.SH,,3.75725,0.0,5.417976435334757,67173.70835171729,67345.45002846961,调仓买入,"512890.SH,159985.SZ,518880.SH,510300.SH",0.0,"512890.SH:0.0294,159985.SZ:0.6483,518880.SH:0.1610,510300.SH:0.1612"
2022-09-07,2022-09-06,,510300.SH,,4.784331,0.0,5.417976435334757,67173.70835171729,67345.45002846961,调仓买入,"512890.SH,159985.SZ,518880.SH,510300.SH",0.0,"512890.SH:0.0294,159985.SZ:0.6483,518880.SH:0.1610,510300.SH:0.1612"
2022-09-22,2022-09-21,510300.SH,,4.586451,,0.0,0.0,0.0,69666.22735577132,调仓卖出,"512890.SH,159985.SZ,518880.SH,513300.SH",0.0,"512890.SH:0.0277,159985.SZ:0.6675,518880.SH:0.1554,513300.SH:0.1494"
2022-09-22,2022-09-21,,513300.SH,,1.033,0.0,5.188697557675299,69569.24791779606,69666.22735577132,调仓买入,"512890.SH,159985.SZ,518880.SH,513300.SH",0.0,"512890.SH:0.0277,159985.SZ:0.6675,518880.SH:0.1554,513300.SH:0.1494"
2022-10-10,2022-10-10,159985.SZ,,1.77775,,11.683014845821967,0.0,0.0,69623.08306786485,风险减半仓,"512890.SH,159985.SZ,518880.SH,513300.SH",0.33543970832250486,"512890.SH:0.0272,159985.SZ:0.3358,518880.SH:0.1578,513300.SH:0.1437"
2022-10-27,2022-10-26,512890.SH,,1.6485645,,0.0,0.0,0.0,69608.29351555639,调仓卖出,"159985.SZ,518880.SH,513300.SH,159915.SZ",0.0,"159985.SZ:0.3340,518880.SH:0.1581,513300.SH:0.1507,159915.SZ:0.3572"
2022-10-27,2022-10-26,,159915.SZ,,2.29225,0.0,12.58009971618941,69887.60212317972,69608.29351555639,调仓买入,"159985.SZ,518880.SH,513300.SH,159915.SZ",0.0,"159985.SZ:0.3340,518880.SH:0.1581,513300.SH:0.1507,159915.SZ:0.3572"
2022-11-24,2022-11-23,159985.SZ,,1.8505,,0.0,0.0,0.0,71230.54808856237,调仓卖出,"518880.SH,513300.SH,510300.SH,512890.SH",0.0,"518880.SH:0.1598,513300.SH:0.1509,510300.SH:0.3437,512890.SH:0.3456"
2022-11-24,2022-11-23,159915.SZ,,2.27275,,0.0,0.0,0.0,71230.54808856237,调仓卖出,"518880.SH,513300.SH,510300.SH,512890.SH",0.0,"518880.SH:0.1598,513300.SH:0.1509,510300.SH:0.3437,512890.SH:0.3456"
2022-11-24,2022-11-23,,510300.SH,,4.465104,0.0,12.304786525128625,71372.666366867,71230.54808856237,调仓买入,"518880.SH,513300.SH,510300.SH,512890.SH",0.0,"518880.SH:0.1598,513300.SH:0.1509,510300.SH:0.3437,512890.SH:0.3456"
2022-11-24,2022-11-23,,512890.SH,,1.6956224999999998,0.0,12.304786525128625,71372.666366867,71230.54808856237,调仓买入,"518880.SH,513300.SH,510300.SH,512890.SH",0.0,"518880.SH:0.1598,513300.SH:0.1509,510300.SH:0.3437,512890.SH:0.3456"
2022-12-08,2022-12-07,518880.SH,,3.9085,,0.0,0.0,0.0,73179.28205728735,调仓卖出,"513300.SH,510300.SH,512890.SH,159985.SZ",0.0,"513300.SH:0.1430,510300.SH:0.3528,512890.SH:0.3494,159985.SZ:0.1548"
2022-12-08,2022-12-07,,159985.SZ,,1.9135,0.0,5.6304465551659995,72968.63700123498,73179.28205728735,调仓买入,"513300.SH,510300.SH,512890.SH,159985.SZ",0.0,"513300.SH:0.1430,510300.SH:0.3528,512890.SH:0.3494,159985.SZ:0.1548"
2022-12-22,2022-12-21,512890.SH,,1.671582,,0.0,0.0,0.0,70847.96772608269,调仓卖出,"510300.SH,159985.SZ,159915.SZ,518880.SH",0.0,"510300.SH:0.3532,159985.SZ:0.1602,159915.SZ:0.2430,518880.SH:0.2435"
2022-12-22,2022-12-21,513300.SH,,1.02575,,0.0,0.0,0.0,70847.96772608269,调仓卖出,"510300.SH,159985.SZ,159915.SZ,518880.SH",0.0,"510300.SH:0.3532,159985.SZ:0.1602,159915.SZ:0.2430,518880.SH:0.2435"
2022-12-22,2022-12-21,,159915.SZ,,2.241,0.0,8.632668393366497,70951.17985177253,70847.96772608269,调仓买入,"510300.SH,159985.SZ,159915.SZ,518880.SH",0.0,"510300.SH:0.3532,159985.SZ:0.1602,159915.SZ:0.2430,518880.SH:0.2435"
2022-12-22,2022-12-21,,518880.SH,,3.9845,0.0,8.632668393366497,70951.17985177253,70847.96772608269,调仓买入,"510300.SH,159985.SZ,159915.SZ,518880.SH",0.0,"510300.SH:0.3532,159985.SZ:0.1602,159915.SZ:0.2430,518880.SH:0.2435"
2023-01-20,2023-01-19,159985.SZ,,1.9635,,0.0,0.0,0.0,75917.55810080831,调仓卖出,"510300.SH,159915.SZ,518880.SH,512890.SH",0.0,"510300.SH:0.3588,159915.SZ:0.2544,518880.SH:0.2341,512890.SH:0.1527"
2023-01-20,2023-01-19,,512890.SH,,1.7211974999999997,0.0,5.771796161058696,75841.32403181975,75917.55810080831,调仓买入,"510300.SH,159915.SZ,518880.SH,512890.SH",0.0,"510300.SH:0.3588,159915.SZ:0.2544,518880.SH:0.2341,512890.SH:0.1527"
2023-02-10,2023-02-09,518880.SH,,3.993,,0.0,0.0,0.0,74662.59506888397,调仓卖出,"510300.SH,159915.SZ,512890.SH,513300.SH",0.0,"510300.SH:0.3580,159915.SZ:0.2544,512890.SH:0.1564,513300.SH:0.2312"
2023-02-10,2023-02-09,,513300.SH,,1.06425,0.0,8.642437414061211,74786.00217344522,74662.59506888397,调仓买入,"510300.SH,159915.SZ,512890.SH,513300.SH",0.0,"510300.SH:0.3580,159915.SZ:0.2544,512890.SH:0.1564,513300.SH:0.2312"
2023-02-15,2023-02-15,513300.SH,,1.0785,,4.379078576962658,0.0,0.0,75068.5877799511,风险减半仓,"510300.SH,159915.SZ,512890.SH,513300.SH",0.11661040035824762,"510300.SH:0.3572,159915.SZ:0.2533,512890.SH:0.1563,513300.SH:0.1166"
2023-02-24,2023-02-23,159915.SZ,,2.37225,,0.0,0.0,0.0,74085.67753678758,调仓卖出,"510300.SH,512890.SH,513300.SH,511580.SH",0.0,"510300.SH:0.3570,512890.SH:0.1621,513300.SH:0.1163,511580.SH:0.3646"
2023-02-24,2023-02-23,,511580.SH,,100.3335,0.0,13.50467013854953,74139.80530766057,74085.67753678758,调仓买入,"510300.SH,512890.SH,513300.SH,511580.SH",0.0,"510300.SH:0.3570,512890.SH:0.1621,513300.SH:0.1163,511580.SH:0.3646"
2023-03-10,2023-03-09,510300.SH,,4.702587,,0.0,0.0,0.0,73477.17565924715,调仓卖出,"512890.SH,513300.SH,511580.SH,518880.SH",0.0,"512890.SH:0.1627,513300.SH:0.1158,511580.SH:0.3689,518880.SH:0.3526"
2023-03-10,2023-03-09,,518880.SH,,4.05825,0.0,12.94628159599416,73583.85828661516,73477.17565924715,调仓买入,"512890.SH,513300.SH,511580.SH,518880.SH",0.0,"512890.SH:0.1627,513300.SH:0.1158,511580.SH:0.3689,518880.SH:0.3526"
2023-04-10,2023-04-07,512890.SH,,1.8275895,,0.0,0.0,0.0,75901.84645309302,调仓卖出,"513300.SH,518880.SH,159915.SZ,510300.SH",0.0,"513300.SH:0.1214,518880.SH:0.3604,159915.SZ:0.2592,510300.SH:0.2590"
2023-04-10,2023-04-07,511580.SH,,101.0835,,0.0,0.0,0.0,75901.84645309302,调仓卖出,"513300.SH,518880.SH,159915.SZ,510300.SH",0.0,"513300.SH:0.1214,518880.SH:0.3604,159915.SZ:0.2592,510300.SH:0.2590"
2023-04-10,2023-04-07,,159915.SZ,,2.3725,0.0,9.85723054892158,76053.0417289898,75901.84645309302,调仓买入,"513300.SH,518880.SH,159915.SZ,510300.SH",0.0,"513300.SH:0.1214,518880.SH:0.3604,159915.SZ:0.2592,510300.SH:0.2590"
2023-04-10,2023-04-07,,510300.SH,,4.8630435,0.0,9.85723054892158,76053.0417289898,75901.84645309302,调仓买入,"513300.SH,518880.SH,159915.SZ,510300.SH",0.0,"513300.SH:0.1214,518880.SH:0.3604,159915.SZ:0.2592,510300.SH:0.2590"
2023-04-24,2023-04-21,513300.SH,,1.1227500000000001,,0.0,0.0,6944.841321288515,74124.66568217146,调仓卖出,"518880.SH,510300.SH,512890.SH,511580.SH",0.09369136787835652,"518880.SH:0.3681,510300.SH:0.2572,512890.SH:0.0936,511580.SH:0.1873"
2023-04-24,2023-04-21,159915.SZ,,2.2475,,0.0,0.0,6944.841321288515,74124.66568217146,调仓卖出,"518880.SH,510300.SH,512890.SH,511580.SH",0.09369136787835652,"518880.SH:0.3681,510300.SH:0.2572,512890.SH:0.0936,511580.SH:0.1873"
2023-04-24,2023-04-21,,512890.SH,,1.90278,0.0,3.4706853179852644,74267.66525444634,74124.66568217146,调仓买入,"518880.SH,510300.SH,512890.SH,511580.SH",0.09369136787835652,"518880.SH:0.3681,510300.SH:0.2572,512890.SH:0.0936,511580.SH:0.1873"
2023-04-24,2023-04-21,,511580.SH,,101.20100000000001,0.0,6.941370635970528,74267.66525444634,74124.66568217146,调仓买入,"518880.SH,510300.SH,512890.SH,511580.SH",0.09369136787835652,"518880.SH:0.3681,510300.SH:0.2572,512890.SH:0.0936,511580.SH:0.1873"
2023-04-25,2023-04-25,512890.SH,,1.9022685,,1.7348761690305374,0.0,6945.031590913755,74313.20247765923,风险减半仓,"518880.SH,510300.SH,512890.SH,511580.SH",0.14012380984302586,"518880.SH:0.3706,510300.SH:0.2553,512890.SH:0.0470,511580.SH:0.1870"
2023-05-11,2023-05-10,510300.SH,,4.7188395,,0.0,0.0,14767.959745449636,75192.89268103268,调仓卖出,"518880.SH,512890.SH,511580.SH,513300.SH",0.196401005718654,"518880.SH:0.3728,512890.SH:0.0486,511580.SH:0.1857,513300.SH:0.1964"
2023-05-11,2023-05-10,,513300.SH,,1.1645,0.0,7.380289727860888,75215.15587387701,75192.89268103268,调仓买入,"518880.SH,512890.SH,511580.SH,513300.SH",0.196401005718654,"518880.SH:0.3728,512890.SH:0.0486,511580.SH:0.1857,513300.SH:0.1964"
2023-05-12,2023-05-12,513300.SH,,1.17225,,3.7147035781386544,0.0,14768.364347086497,75042.8119326376,风险减半仓,"518880.SH,512890.SH,511580.SH,513300.SH",0.2957519345051759,"518880.SH:0.3711,512890.SH:0.0479,511580.SH:0.1863,513300.SH:0.0990"
2023-05-25,2023-05-24,512890.SH,,1.856745,,0.0,0.0,0.0,75033.35864388627,调仓卖出,"518880.SH,511580.SH,513300.SH,159985.SZ",0.0,"518880.SH:0.3686,511580.SH:0.1866,513300.SH:0.1041,159985.SZ:0.3406"
2023-05-25,2023-05-24,,159985.SZ,,1.7369999999999999,0.0,12.785883894529103,75020.76445312092,75033.35864388627,调仓买入,"518880.SH,511580.SH,513300.SH,159985.SZ",0.0,"518880.SH:0.3686,511580.SH:0.1866,513300.SH:0.1041,159985.SZ:0.3406"
2023-06-26,2023-06-21,511580.SH,,102.43175,,0.0,0.0,0.0,78608.71769069752,调仓卖出,"518880.SH,513300.SH,159985.SZ,510300.SH",0.0,"518880.SH:0.3534,513300.SH:0.1096,159985.SZ:0.3588,510300.SH:0.1781"
2023-06-26,2023-06-21,,510300.SH,,4.553655,0.0,7.018765429493171,78506.10876590514,78608.71769069752,调仓买入,"518880.SH,513300.SH,159985.SZ,510300.SH",0.0,"518880.SH:0.3534,513300.SH:0.1096,159985.SZ:0.3588,510300.SH:0.1781"
2023-07-10,2023-07-07,510300.SH,,4.595616,,0.0,0.0,0.0,80314.7601863397,调仓卖出,"513300.SH,159985.SZ,511580.SH,159915.SZ",0.0,"513300.SH:0.1082,159985.SZ:0.3681,511580.SH:0.2615,159915.SZ:0.2622"
2023-07-10,2023-07-07,518880.SH,,4.369,,0.0,0.0,0.0,80314.7601863397,调仓卖出,"513300.SH,159985.SZ,511580.SH,159915.SZ",0.0,"513300.SH:0.1082,159985.SZ:0.3681,511580.SH:0.2615,159915.SZ:0.2622"
2023-07-10,2023-07-07,,511580.SH,,102.75475,0.0,10.500020502433939,80131.74142307839,80314.7601863397,调仓买入,"513300.SH,159985.SZ,511580.SH,159915.SZ",0.0,"513300.SH:0.1082,159985.SZ:0.3681,511580.SH:0.2615,159915.SZ:0.2622"
2023-07-10,2023-07-07,,159915.SZ,,2.139,0.0,10.500020502433939,80131.74142307839,80314.7601863397,调仓买入,"513300.SH,159985.SZ,511580.SH,159915.SZ",0.0,"513300.SH:0.1082,159985.SZ:0.3681,511580.SH:0.2615,159915.SZ:0.2622"
2023-07-12,2023-07-12,159915.SZ,,2.1504999999999996,,5.278236112782651,0.0,0.0,80956.62307870082,风险减半仓,"513300.SH,159985.SZ,511580.SH,159915.SZ",0.13033144896860788,"513300.SH:0.1077,159985.SZ:0.3728,511580.SH:0.2595,159915.SZ:0.1297"
2023-07-24,2023-07-21,511580.SH,,102.96775,,0.0,0.0,10470.041349591802,81914.31269596629,调仓卖出,"513300.SH,159985.SZ,512890.SH,518880.SH",0.12781699565071708,"513300.SH:0.1103,159985.SZ:0.3787,512890.SH:0.2556,518880.SH:0.1277"
2023-07-24,2023-07-21,159915.SZ,,2.098,,0.0,0.0,10470.041349591802,81914.31269596629,调仓卖出,"513300.SH,159985.SZ,512890.SH,518880.SH",0.12781699565071708,"513300.SH:0.1103,159985.SZ:0.3787,512890.SH:0.2556,518880.SH:0.1277"
2023-07-24,2023-07-21,,512890.SH,,1.9022685,0.0,10.464808945119243,82003.26466601266,81914.31269596629,调仓买入,"513300.SH,159985.SZ,512890.SH,518880.SH",0.12781699565071708,"513300.SH:0.1103,159985.SZ:0.3787,512890.SH:0.2556,518880.SH:0.1277"
2023-07-24,2023-07-21,,518880.SH,,4.4445,0.0,5.2324044725596215,82003.26466601266,81914.31269596629,调仓买入,"513300.SH,159985.SZ,512890.SH,518880.SH",0.12781699565071708,"513300.SH:0.1103,159985.SZ:0.3787,512890.SH:0.2556,518880.SH:0.1277"
2023-07-25,2023-07-25,518880.SH,,4.423500000000001,,2.6038408352309026,0.0,10470.328200039736,82827.49126118884,风险减半仓,"513300.SH,159985.SZ,512890.SH,518880.SH",0.1892536619301358,"513300.SH:0.1091,159985.SZ:0.3814,512890.SH:0.2574,518880.SH:0.0628"
2023-07-26,2023-07-26,512890.SH,,1.934493,,5.321041601296179,0.0,15675.835492845204,83026.40066311325,风险减半仓,"513300.SH,159985.SZ,512890.SH,518880.SH",0.3169184433346917,"513300.SH:0.1089,159985.SZ:0.3832,512890.SH:0.1281,518880.SH:0.0629"
2023-08-07,2023-08-04,513300.SH,,1.3935,,0.0,0.0,10084.72275133136,82656.5154969409,调仓卖出,"159985.SZ,512890.SH,510300.SH,159915.SZ",0.12200759602193238,"159985.SZ:0.3831,512890.SH:0.1298,510300.SH:0.1219,159915.SZ:0.2433"
2023-08-07,2023-08-04,518880.SH,,4.4135,,0.0,0.0,10084.72275133136,82656.5154969409,调仓卖出,"159985.SZ,512890.SH,510300.SH,159915.SZ",0.12200759602193238,"159985.SZ:0.3831,512890.SH:0.1298,510300.SH:0.1219,159915.SZ:0.2433"
2023-08-07,2023-08-04,,510300.SH,,4.806011999999999,0.0,5.03984145493821,82856.71143412121,82656.5154969409,调仓买入,"159985.SZ,512890.SH,510300.SH,159915.SZ",0.12200759602193238,"159985.SZ:0.3831,512890.SH:0.1298,510300.SH:0.1219,159915.SZ:0.2433"
2023-08-07,2023-08-04,,159915.SZ,,2.19075,0.0,10.07968290987642,82856.71143412121,82656.5154969409,调仓买入,"159985.SZ,512890.SH,510300.SH,159915.SZ",0.12200759602193238,"159985.SZ:0.3831,512890.SH:0.1298,510300.SH:0.1219,159915.SZ:0.2433"
2023-08-08,2023-08-08,510300.SH,,4.788873,,2.510934291033222,0.0,10084.999045105369,82460.34340143627,风险减半仓,"159985.SZ,512890.SH,510300.SH,159915.SZ",0.1831711592486249,"159985.SZ:0.3824,512890.SH:0.1306,510300.SH:0.0608,159915.SZ:0.2429"
2023-08-21,2023-08-21,159915.SZ,,2.0475,,0.0,0.0,33939.83468228244,83599.51320086398,止损,"159985.SZ,512890.SH,510300.SH",0.4059812477703719,"159985.SZ:0.4126,512890.SH:0.1251,510300.SH:0.0563"
2023-08-21,2023-08-18,510300.SH,,4.5193769999999995,,0.0,0.0,0.0,83642.15370761341,调仓卖出,"159985.SZ,512890.SH,511580.SH,518880.SH",0.0,"159985.SZ:0.4124,512890.SH:0.1250,511580.SH:0.2311,518880.SH:0.2315"
2023-08-21,2023-08-18,,511580.SH,,103.355,0.0,9.664349250867383,83699.81120704299,83642.15370761341,调仓买入,"159985.SZ,512890.SH,511580.SH,518880.SH",0.0,"159985.SZ:0.4124,512890.SH:0.1250,511580.SH:0.2311,518880.SH:0.2315"
2023-08-21,2023-08-18,,518880.SH,,4.431,0.0,9.664349250867383,83699.81120704299,83642.15370761341,调仓买入,"159985.SZ,512890.SH,511580.SH,518880.SH",0.0,"159985.SZ:0.4124,512890.SH:0.1250,511580.SH:0.2311,518880.SH:0.2315"
2023-08-22,2023-08-22,159985.SZ,,2.30575,,8.486197982098586,0.0,0.0,82951.14048653084,风险减半仓,"159985.SZ,512890.SH,511580.SH,518880.SH",0.20450484064133606,"159985.SZ:0.2016,512890.SH:0.1278,511580.SH:0.2331,518880.SH:0.2330"
2023-09-04,2023-09-01,512890.SH,,1.9380735,,0.0,0.0,3.637978807091713e-12,83550.42693749773,调仓卖出,"159985.SZ,511580.SH,518880.SH,513300.SH",4.3542312594203813e-17,"159985.SZ:0.2030,511580.SH:0.2309,518880.SH:0.2353,513300.SH:0.3309"
2023-09-04,2023-09-01,,513300.SH,,1.41525,0.0,13.805368595023982,83625.19423679536,83550.42693749773,调仓买入,"159985.SZ,511580.SH,518880.SH,513300.SH",4.3542312594203813e-17,"159985.SZ:0.2030,511580.SH:0.2309,518880.SH:0.2353,513300.SH:0.3309"
2023-09-18,2023-09-15,511580.SH,,103.0865,,0.0,0.0,0.0,83214.1997253556,调仓卖出,"159985.SZ,518880.SH,513300.SH,512890.SH",0.0,"159985.SZ:0.2036,518880.SH:0.2372,513300.SH:0.3273,512890.SH:0.2319"
2023-09-18,2023-09-15,,512890.SH,,1.939608,0.0,9.629608369150203,83202.74892099833,83214.1997253556,调仓买入,"159985.SZ,518880.SH,513300.SH,512890.SH",0.0,"159985.SZ:0.2036,518880.SH:0.2372,513300.SH:0.3273,512890.SH:0.2319"
2023-10-10,2023-10-09,513300.SH,,1.3787500000000001,,0.0,0.0,0.0,80763.63011064121,调仓卖出,"518880.SH,512890.SH,511580.SH,510300.SH",0.0,"518880.SH:0.2348,512890.SH:0.2354,511580.SH:0.2656,510300.SH:0.2641"
2023-10-10,2023-10-09,159985.SZ,,2.181,,0.0,0.0,0.0,80763.63011064121,调仓卖出,"518880.SH,512890.SH,511580.SH,510300.SH",0.0,"518880.SH:0.2348,512890.SH:0.2354,511580.SH:0.2656,510300.SH:0.2641"
2023-10-10,2023-10-09,,511580.SH,,103.20825,0.0,10.727458729615932,81147.15552520959,80763.63011064121,调仓买入,"518880.SH,512890.SH,511580.SH,510300.SH",0.0,"518880.SH:0.2348,512890.SH:0.2354,511580.SH:0.2656,510300.SH:0.2641"
2023-10-10,2023-10-09,,510300.SH,,4.4310225,0.0,10.727458729615932,81147.15552520959,80763.63011064121,调仓买入,"518880.SH,512890.SH,511580.SH,510300.SH",0.0,"518880.SH:0.2348,512890.SH:0.2354,511580.SH:0.2656,510300.SH:0.2641"
2023-10-24,2023-10-23,512890.SH,,1.877205,,0.0,0.0,0.0,80368.39227844038,调仓卖出,"518880.SH,511580.SH,513300.SH,159985.SZ",0.0,"518880.SH:0.2483,511580.SH:0.2662,513300.SH:0.2428,159985.SZ:0.2426"
2023-10-24,2023-10-23,510300.SH,,4.1916675,,0.0,0.0,0.0,80368.39227844038,调仓卖出,"518880.SH,511580.SH,513300.SH,159985.SZ",0.0,"518880.SH:0.2483,511580.SH:0.2662,513300.SH:0.2428,159985.SZ:0.2426"
2023-10-24,2023-10-23,,513300.SH,,1.3455,0.0,9.72415988524961,80236.53767165789,80368.39227844038,调仓买入,"518880.SH,511580.SH,513300.SH,159985.SZ",0.0,"518880.SH:0.2483,511580.SH:0.2662,513300.SH:0.2428,159985.SZ:0.2426"
2023-10-24,2023-10-23,,159985.SZ,,2.202,0.0,9.72415988524961,80236.53767165789,80368.39227844038,调仓买入,"518880.SH,511580.SH,513300.SH,159985.SZ",0.0,"518880.SH:0.2483,511580.SH:0.2662,513300.SH:0.2428,159985.SZ:0.2426"
2023-11-07,2023-11-06,513300.SH,,1.3815,,0.0,0.0,0.0,82088.10847408255,调仓卖出,"518880.SH,511580.SH,159985.SZ,159915.SZ",0.0,"518880.SH:0.2428,511580.SH:0.2616,159985.SZ:0.2530,159915.SZ:0.2426"
2023-11-07,2023-11-06,,159915.SZ,,1.97025,0.0,9.97435872775734,82219.02028926223,82088.10847408255,调仓买入,"518880.SH,511580.SH,159985.SZ,159915.SZ",0.0,"518880.SH:0.2428,511580.SH:0.2616,159985.SZ:0.2530,159915.SZ:0.2426"
2023-11-21,2023-11-20,518880.SH,,4.515750000000001,,0.0,0.0,0.0,81024.65388711548,调仓卖出,"159985.SZ,159915.SZ,513300.SH,510300.SH",0.0,"159985.SZ:0.2514,159915.SZ:0.2413,513300.SH:0.2539,510300.SH:0.2535"
2023-11-21,2023-11-20,511580.SH,,103.44250000000001,,0.0,0.0,0.0,81024.65388711548,调仓卖出,"159985.SZ,159915.SZ,513300.SH,510300.SH",0.0,"159985.SZ:0.2514,159915.SZ:0.2413,513300.SH:0.2539,510300.SH:0.2535"
2023-11-21,2023-11-20,,513300.SH,,1.43775,0.0,10.29020571146039,81149.06369054952,81024.65388711548,调仓买入,"159985.SZ,159915.SZ,513300.SH,510300.SH",0.0,"159985.SZ:0.2514,159915.SZ:0.2413,513300.SH:0.2539,510300.SH:0.2535"
2023-11-21,2023-11-20,,510300.SH,,4.3234604999999995,0.0,10.29020571146039,81149.06369054952,81024.65388711548,调仓买入,"159985.SZ,159915.SZ,513300.SH,510300.SH",0.0,"159985.SZ:0.2514,159915.SZ:0.2413,513300.SH:0.2539,510300.SH:0.2535"
2023-11-24,2023-11-24,513300.SH,,1.43575,,5.137945696480352,0.0,0.0,80023.38539522197,风险减半仓,"159985.SZ,159915.SZ,513300.SH,510300.SH",0.128346900053512,"159985.SZ:0.2509,159915.SZ:0.2389,513300.SH:0.1284,510300.SH:0.2535"
2023-12-05,2023-12-05,159915.SZ,,1.839,,0.0,0.0,28883.228890220213,78192.5881357069,止损,"159985.SZ,513300.SH,510300.SH",0.36938576377715004,"159985.SZ:0.2525,513300.SH:0.1293,510300.SH:0.2488"
2023-12-05,2023-12-04,159985.SZ,,2.2302500000000003,,0.0,0.0,-7.275957614183426e-12,78142.79497597634,调仓卖出,"513300.SH,512890.SH,518880.SH,511580.SH",-9.311104902787638e-17,"513300.SH:0.1294,512890.SH:0.2891,518880.SH:0.2907,511580.SH:0.2908"
2023-12-05,2023-12-04,510300.SH,,4.1231115,,0.0,0.0,-7.275957614183426e-12,78142.79497597634,调仓卖出,"513300.SH,512890.SH,518880.SH,511580.SH",-9.311104902787638e-17,"513300.SH:0.1294,512890.SH:0.2891,518880.SH:0.2907,511580.SH:0.2908"
2023-12-05,2023-12-04,,512890.SH,,1.884366,0.0,11.359005428575836,78284.99148960641,78142.79497597634,调仓买入,"513300.SH,512890.SH,518880.SH,511580.SH",-9.311104902787638e-17,"513300.SH:0.1294,512890.SH:0.2891,518880.SH:0.2907,511580.SH:0.2908"
2023-12-05,2023-12-04,,518880.SH,,4.58075,0.0,11.359005428575836,78284.99148960641,78142.79497597634,调仓买入,"513300.SH,512890.SH,518880.SH,511580.SH",-9.311104902787638e-17,"513300.SH:0.1294,512890.SH:0.2891,518880.SH:0.2907,511580.SH:0.2908"
2023-12-05,2023-12-04,,511580.SH,,103.28750000000001,0.0,11.359005428575836,78284.99148960641,78142.79497597634,调仓买入,"513300.SH,512890.SH,518880.SH,511580.SH",-9.311104902787638e-17,"513300.SH:0.1294,512890.SH:0.2891,518880.SH:0.2907,511580.SH:0.2908"
2023-12-19,2023-12-18,512890.SH,,1.862883,,0.0,0.0,0.0,78699.53594244184,调仓卖出,"513300.SH,518880.SH,511580.SH,159985.SZ",0.0,"513300.SH:0.1371,518880.SH:0.2892,511580.SH:0.2897,159985.SZ:0.2841"
2023-12-19,2023-12-18,,159985.SZ,,2.226,0.0,11.218281473266556,78752.24826663316,78699.53594244184,调仓买入,"513300.SH,518880.SH,511580.SH,159985.SZ",0.0,"513300.SH:0.1371,518880.SH:0.2892,511580.SH:0.2897,159985.SZ:0.2841"
2024-01-03,2024-01-02,159985.SZ,,2.1315,,0.0,0.0,0.0,78037.93327824102,调仓卖出,"513300.SH,518880.SH,511580.SH,510300.SH",0.0,"513300.SH:0.1357,518880.SH:0.2963,511580.SH:0.2930,510300.SH:0.2749"
2024-01-03,2024-01-02,,510300.SH,,4.0711034999999995,0.0,10.731297009530962,78040.42170000041,78037.93327824102,调仓买入,"513300.SH,518880.SH,511580.SH,510300.SH",0.0,"513300.SH:0.1357,518880.SH:0.2963,511580.SH:0.2930,510300.SH:0.2749"
2024-01-17,2024-01-16,513300.SH,,1.52,,0.0,0.0,7894.087713410976,77345.98618052396,调仓卖出,"518880.SH,511580.SH,512890.SH,561360.SH",0.10206202161526955,"518880.SH:0.2969,511580.SH:0.2966,512890.SH:0.1013,561360.SH:0.2030"
2024-01-17,2024-01-16,510300.SH,,3.9289680000000002,,0.0,0.0,7894.087713410976,77345.98618052396,调仓卖出,"518880.SH,511580.SH,512890.SH,561360.SH",0.10206202161526955,"518880.SH:0.2969,511580.SH:0.2966,512890.SH:0.1013,561360.SH:0.2030"
2024-01-17,2024-01-16,,512890.SH,,1.9237514999999998,0.0,3.9450713210449653,77541.72113740527,77345.98618052396,调仓买入,"518880.SH,511580.SH,512890.SH,561360.SH",0.10206202161526955,"518880.SH:0.2969,511580.SH:0.2966,512890.SH:0.1013,561360.SH:0.2030"
2024-01-17,2024-01-16,,561360.SH,,0.96675,0.0,7.8901426420899305,77541.72113740527,77345.98618052396,调仓买入,"518880.SH,511580.SH,512890.SH,561360.SH",0.10206202161526955,"518880.SH:0.2969,511580.SH:0.2966,512890.SH:0.1013,561360.SH:0.2030"
2024-01-18,2024-01-18,512890.SH,,1.893573,,1.9415918679218909,0.0,7894.303989786686,77083.33189469934,风险减半仓,"518880.SH,511580.SH,512890.SH,561360.SH",0.1527638445863845,"518880.SH:0.2970,511580.SH:0.2975,512890.SH:0.0505,561360.SH:0.2022"
2024-01-31,2024-01-30,518880.SH,,4.652749999999999,,0.0,0.0,0.0,77556.18420383186,调仓卖出,"511580.SH,512890.SH,561360.SH,513300.SH",0.0,"511580.SH:0.2974,512890.SH:0.0517,561360.SH:0.2031,513300.SH:0.4477"
2024-01-31,2024-01-30,,513300.SH,,1.5845,0.0,17.412295794183947,77715.35305995813,77556.18420383186,调仓买入,"511580.SH,512890.SH,561360.SH,513300.SH",0.0,"511580.SH:0.2974,512890.SH:0.0517,561360.SH:0.2031,513300.SH:0.4477"
2024-02-22,2024-02-21,561360.SH,,1.0162499999999999,,0.0,0.0,0.0,79976.61828517471,调仓卖出,"511580.SH,512890.SH,513300.SH,510300.SH",0.0,"511580.SH:0.2893,512890.SH:0.0536,513300.SH:0.4490,510300.SH:0.2081"
2024-02-22,2024-02-21,,510300.SH,,4.179679999999999,0.0,8.28584754045928,79737.80856573995,79976.61828517471,调仓买入,"511580.SH,512890.SH,513300.SH,510300.SH",0.0,"511580.SH:0.2893,512890.SH:0.0536,513300.SH:0.4490,510300.SH:0.2081"
2024-03-07,2024-03-06,513300.SH,,1.668,,0.0,0.0,14957.0848125302,80919.39937474094,调仓卖出,"512890.SH,510300.SH,159915.SZ,561360.SH",0.18483929599209392,"512890.SH:0.0529,510300.SH:0.2085,159915.SZ:0.1826,561360.SH:0.3711"
2024-03-07,2024-03-06,511580.SH,,105.472,,0.0,0.0,14957.0848125302,80919.39937474094,调仓卖出,"512890.SH,510300.SH,159915.SZ,561360.SH",0.18483929599209392,"512890.SH:0.0529,510300.SH:0.2085,159915.SZ:0.1826,561360.SH:0.3711"
2024-03-07,2024-03-06,,159915.SZ,,1.76225,0.0,7.474805003763218,81022.65203571196,80919.39937474094,调仓买入,"512890.SH,510300.SH,159915.SZ,561360.SH",0.18483929599209392,"512890.SH:0.0529,510300.SH:0.2085,159915.SZ:0.1826,561360.SH:0.3711"
2024-03-07,2024-03-06,,561360.SH,,1.0515,0.0,14.949610007526436,81022.65203571196,80919.39937474094,调仓买入,"512890.SH,510300.SH,159915.SZ,561360.SH",0.18483929599209392,"512890.SH:0.0529,510300.SH:0.2085,159915.SZ:0.1826,561360.SH:0.3711"
2024-03-08,2024-03-08,159915.SZ,,1.7485,,3.708241324749606,0.0,14957.49459567575,81417.3418455875,风险减半仓,"512890.SH,510300.SH,159915.SZ,561360.SH",0.27476049324082163,"512890.SH:0.0529,510300.SH:0.2078,159915.SZ:0.0915,561360.SH:0.3730"
2024-03-13,2024-03-13,510300.SH,,4.31558,,4.277628661602714,0.0,22372.107706471597,81064.7043773178,风险减半仓,"512890.SH,510300.SH,159915.SZ,561360.SH",0.38146179201595676,"512890.SH:0.0514,510300.SH:0.1053,159915.SZ:0.0963,561360.SH:0.3655"
2024-03-21,2024-03-20,510300.SH,,4.321318,,0.0,0.0,0.0,81731.6924855416,调仓卖出,"159915.SZ,561360.SH,159985.SZ,518880.SH",0.0,"159915.SZ:0.0958,561360.SH:0.3698,159985.SZ:0.2669,518880.SH:0.2675"
2024-03-21,2024-03-20,512890.SH,,2.0490690000000003,,0.0,0.0,0.0,81731.6924855416,调仓卖出,"159915.SZ,561360.SH,159985.SZ,518880.SH",0.0,"159915.SZ:0.0958,561360.SH:0.3698,159985.SZ:0.2669,518880.SH:0.2675"
2024-03-21,2024-03-20,,159985.SZ,,2.232,0.0,10.917161717400646,81768.07107602774,81731.6924855416,调仓买入,"159915.SZ,561360.SH,159985.SZ,518880.SH",0.0,"159915.SZ:0.0958,561360.SH:0.3698,159985.SZ:0.2669,518880.SH:0.2675"
2024-03-21,2024-03-20,,518880.SH,,4.9719999999999995,0.0,10.917161717400646,81768.07107602774,81731.6924855416,调仓买入,"159915.SZ,561360.SH,159985.SZ,518880.SH",0.0,"159915.SZ:0.0958,561360.SH:0.3698,159985.SZ:0.2669,518880.SH:0.2675"
2024-04-08,2024-04-08,518880.SH,,5.3397499999999996,,5.862320422414531,0.0,0.0,83523.57319971445,风险减半仓,"159915.SZ,561360.SH,159985.SZ,518880.SH",0.14030504294141852,"159915.SZ:0.0893,561360.SH:0.3789,159985.SZ:0.2508,518880.SH:0.1407"
2024-04-08,2024-04-03,159985.SZ,,2.1435,,0.0,0.0,0.0,83593.08556743519,调仓卖出,"561360.SH,518880.SH,513300.SH,511580.SH",0.0,"561360.SH:0.3786,518880.SH:0.1406,513300.SH:0.2404,511580.SH:0.2404"
2024-04-08,2024-04-03,159915.SZ,,1.772,,0.0,0.0,0.0,83593.08556743519,调仓卖出,"561360.SH,518880.SH,513300.SH,511580.SH",0.0,"561360.SH:0.3786,518880.SH:0.1406,513300.SH:0.2404,511580.SH:0.2404"
2024-04-08,2024-04-03,,513300.SH,,1.6840000000000002,0.0,10.042298295924477,83705.29612252639,83593.08556743519,调仓买入,"561360.SH,518880.SH,513300.SH,511580.SH",0.0,"561360.SH:0.3786,518880.SH:0.1406,513300.SH:0.2404,511580.SH:0.2404"
2024-04-08,2024-04-03,,511580.SH,,105.72350000000002,0.0,10.042298295924477,83705.29612252639,83593.08556743519,调仓买入,"561360.SH,518880.SH,513300.SH,511580.SH",0.0,"561360.SH:0.3786,518880.SH:0.1406,513300.SH:0.2404,511580.SH:0.2404"
2024-04-22,2024-04-19,513300.SH,,1.57925,,0.0,0.0,9412.927514279578,82235.4938451155,调仓卖出,"561360.SH,518880.SH,511580.SH,512890.SH",0.11446307517783177,"561360.SH:0.3838,518880.SH:0.1432,511580.SH:0.2454,512890.SH:0.1131"
2024-04-22,2024-04-19,,512890.SH,,2.1974039999999997,0.0,4.704111701289144,82915.43457502859,82235.4938451155,调仓买入,"561360.SH,518880.SH,511580.SH,512890.SH",0.11446307517783177,"561360.SH:0.3838,518880.SH:0.1432,511580.SH:0.2454,512890.SH:0.1131"
2024-04-23,2024-04-23,512890.SH,,2.149323,,2.300590941435869,0.0,9413.185402704627,81110.26594428842,风险减半仓,"561360.SH,518880.SH,511580.SH,512890.SH",0.1727533072602584,"561360.SH:0.3800,518880.SH:0.1416,511580.SH:0.2491,512890.SH:0.0565"
2024-05-09,2024-05-08,518880.SH,,5.25225,,0.0,0.0,7.275957614183426e-12,81960.47906939371,调仓卖出,"511580.SH,159985.SZ,159915.SZ,510300.SH",8.877397615042087e-17,"511580.SH:0.2462,159985.SZ:0.2498,159915.SZ:0.2523,510300.SH:0.2517"
2024-05-09,2024-05-08,512890.SH,,2.160576,,0.0,0.0,7.275957614183426e-12,81960.47906939371,调仓卖出,"511580.SH,159985.SZ,159915.SZ,510300.SH",8.877397615042087e-17,"511580.SH:0.2462,159985.SZ:0.2498,159915.SZ:0.2523,510300.SH:0.2517"
2024-05-09,2024-05-08,561360.SH,,1.107,,0.0,0.0,7.275957614183426e-12,81960.47906939371,调仓卖出,"511580.SH,159985.SZ,159915.SZ,510300.SH",8.877397615042087e-17,"511580.SH:0.2462,159985.SZ:0.2498,159915.SZ:0.2523,510300.SH:0.2517"
2024-05-09,2024-05-08,,159985.SZ,,2.3165,0.0,10.26600764037509,81780.37819020596,81960.47906939371,调仓买入,"511580.SH,159985.SZ,159915.SZ,510300.SH",8.877397615042087e-17,"511580.SH:0.2462,159985.SZ:0.2498,159915.SZ:0.2523,510300.SH:0.2517"
2024-05-09,2024-05-08,,159915.SZ,,1.843,0.0,10.26600764037509,81780.37819020596,81960.47906939371,调仓买入,"511580.SH,159985.SZ,159915.SZ,510300.SH",8.877397615042087e-17,"511580.SH:0.2462,159985.SZ:0.2498,159915.SZ:0.2523,510300.SH:0.2517"
2024-05-09,2024-05-08,,510300.SH,,4.396214,0.0,10.26600764037509,81780.37819020596,81960.47906939371,调仓买入,"511580.SH,159985.SZ,159915.SZ,510300.SH",8.877397615042087e-17,"511580.SH:0.2462,159985.SZ:0.2498,159915.SZ:0.2523,510300.SH:0.2517"
2024-05-23,2024-05-22,159915.SZ,,1.823,,0.0,0.0,10128.243634260336,81838.03132153806,调仓卖出,"159985.SZ,510300.SH,513300.SH,512890.SH",0.12375961971112072,"159985.SZ:0.2535,510300.SH:0.2511,513300.SH:0.2483,512890.SH:0.1232"
2024-05-23,2024-05-22,511580.SH,,106.4575,,0.0,0.0,10128.243634260336,81838.03132153806,调仓卖出,"159985.SZ,510300.SH,513300.SH,512890.SH",0.12375961971112072,"159985.SZ:0.2535,510300.SH:0.2511,513300.SH:0.2483,512890.SH:0.1232"
2024-05-23,2024-05-22,,513300.SH,,1.7455,0.0,10.123182043238714,81861.98970200981,81838.03132153806,调仓买入,"159985.SZ,510300.SH,513300.SH,512890.SH",0.12375961971112072,"159985.SZ:0.2535,510300.SH:0.2511,513300.SH:0.2483,512890.SH:0.1232"
2024-05-23,2024-05-22,,512890.SH,,2.20968,0.0,5.061591021619356,81861.98970200981,81838.03132153806,调仓买入,"159985.SZ,510300.SH,513300.SH,512890.SH",0.12375961971112072,"159985.SZ:0.2535,510300.SH:0.2511,513300.SH:0.2483,512890.SH:0.1232"
2024-05-24,2024-05-24,512890.SH,,2.2050765,,2.525523020162158,0.0,10128.521120387302,81038.29467977652,风险减半仓,"159985.SZ,510300.SH,513300.SH,512890.SH",0.18728234222676649,"159985.SZ:0.2540,510300.SH:0.2508,513300.SH:0.2458,512890.SH:0.0622"
2024-06-06,2024-06-05,159985.SZ,,2.2569999999999997,,0.0,0.0,0.0,80883.70484034838,调仓卖出,"513300.SH,512890.SH,511580.SH,518880.SH",0.0,"513300.SH:0.2525,512890.SH:0.0618,511580.SH:0.3429,518880.SH:0.3428"
2024-06-06,2024-06-05,510300.SH,,4.35484,,0.0,0.0,0.0,80883.70484034838,调仓卖出,"513300.SH,512890.SH,511580.SH,518880.SH",0.0,"513300.SH:0.2525,512890.SH:0.0618,511580.SH:0.3429,518880.SH:0.3428"
2024-06-06,2024-06-05,,511580.SH,,106.67125,0.0,13.86907537350549,80897.20023544395,80883.70484034838,调仓买入,"513300.SH,512890.SH,511580.SH,518880.SH",0.0,"513300.SH:0.2525,512890.SH:0.0618,511580.SH:0.3429,518880.SH:0.3428"
2024-06-06,2024-06-05,,518880.SH,,5.4005,0.0,13.86907537350549,80897.20023544395,80883.70484034838,调仓买入,"513300.SH,512890.SH,511580.SH,518880.SH",0.0,"513300.SH:0.2525,512890.SH:0.0618,511580.SH:0.3429,518880.SH:0.3428"
2024-06-21,2024-06-20,512890.SH,,2.147277,,0.0,0.0,0.0,81793.3568392726,调仓卖出,"513300.SH,511580.SH,518880.SH,159915.SZ",0.0,"513300.SH:0.2625,511580.SH:0.3398,518880.SH:0.3376,159915.SZ:0.0601"
2024-06-21,2024-06-20,,159915.SZ,,1.7215,0.0,2.456865875997612,81801.20036235539,81793.3568392726,调仓买入,"513300.SH,511580.SH,518880.SH,159915.SZ",0.0,"513300.SH:0.2625,511580.SH:0.3398,518880.SH:0.3376,159915.SZ:0.0601"
2024-07-05,2024-07-04,518880.SH,,5.37275,,0.0,0.0,1.8189894035458565e-12,82664.36057539233,调仓卖出,"513300.SH,511580.SH,561360.SH,512890.SH",2.2004517919023694e-17,"513300.SH:0.2743,511580.SH:0.3365,561360.SH:0.1951,512890.SH:0.1941"
2024-07-05,2024-07-04,159915.SZ,,1.61725,,0.0,0.0,1.8189894035458565e-12,82664.36057539233,调仓卖出,"513300.SH,511580.SH,561360.SH,512890.SH",2.2004517919023694e-17,"513300.SH:0.2743,511580.SH:0.3365,561360.SH:0.1951,512890.SH:0.1941"
2024-07-05,2024-07-04,,561360.SH,,1.06375,0.0,8.044898166912288,82570.13040891642,82664.36057539233,调仓买入,"513300.SH,511580.SH,561360.SH,512890.SH",2.2004517919023694e-17,"513300.SH:0.2743,511580.SH:0.3365,561360.SH:0.1951,512890.SH:0.1941"
2024-07-05,2024-07-04,,512890.SH,,2.1682485,0.0,8.044898166912288,82570.13040891642,82664.36057539233,调仓买入,"513300.SH,511580.SH,561360.SH,512890.SH",2.2004517919023694e-17,"513300.SH:0.2743,511580.SH:0.3365,561360.SH:0.1951,512890.SH:0.1941"
2024-07-09,2024-07-09,513300.SH,,2.026,,5.874983334174057,0.0,1.8189894035458565e-12,83553.97805569749,风险减半仓,"513300.SH,511580.SH,561360.SH,512890.SH",0.14055694244964942,"513300.SH:0.1415,511580.SH:0.3329,561360.SH:0.1915,512890.SH:0.1935"
2024-07-19,2024-07-18,511580.SH,,107.121,,0.0,0.0,0.0,82177.20496771489,调仓卖出,"513300.SH,512890.SH,518880.SH,510300.SH",0.0,"513300.SH:0.1337,512890.SH:0.1927,518880.SH:0.3354,510300.SH:0.3381"
2024-07-19,2024-07-18,561360.SH,,1.03975,,0.0,0.0,0.0,82177.20496771489,调仓卖出,"513300.SH,512890.SH,518880.SH,510300.SH",0.0,"513300.SH:0.1337,512890.SH:0.1927,518880.SH:0.3354,510300.SH:0.3381"
2024-07-19,2024-07-18,,518880.SH,,5.44,0.0,13.819779953451002,82177.45206772366,82177.20496771489,调仓买入,"513300.SH,512890.SH,518880.SH,510300.SH",0.0,"513300.SH:0.1337,512890.SH:0.1927,518880.SH:0.3354,510300.SH:0.3381"
2024-07-19,2024-07-18,,510300.SH,,4.325546,0.0,13.819779953451002,82177.45206772366,82177.20496771489,调仓买入,"513300.SH,512890.SH,518880.SH,510300.SH",0.0,"513300.SH:0.1337,512890.SH:0.1927,518880.SH:0.3354,510300.SH:0.3381"
2024-08-02,2024-08-01,513300.SH,,1.80675,,0.0,0.0,0.0,80475.05584727679,调仓卖出,"518880.SH,510300.SH,511580.SH,159915.SZ",0.0,"518880.SH:0.3476,510300.SH:0.3306,511580.SH:0.1614,159915.SZ:0.1604"
2024-08-02,2024-08-01,512890.SH,,2.0915235,,0.0,0.0,0.0,80475.05584727679,调仓卖出,"518880.SH,510300.SH,511580.SH,159915.SZ",0.0,"518880.SH:0.3476,510300.SH:0.3306,511580.SH:0.1614,159915.SZ:0.1604"
2024-08-02,2024-08-01,,511580.SH,,107.2442705,0.0,6.49321713725031,80552.78939941045,80475.05584727679,调仓买入,"518880.SH,510300.SH,511580.SH,159915.SZ",0.0,"518880.SH:0.3476,510300.SH:0.3306,511580.SH:0.1614,159915.SZ:0.1604"
2024-08-02,2024-08-01,,159915.SZ,,1.61825,0.0,6.49321713725031,80552.78939941045,80475.05584727679,调仓买入,"518880.SH,510300.SH,511580.SH,159915.SZ",0.0,"518880.SH:0.3476,510300.SH:0.3306,511580.SH:0.1614,159915.SZ:0.1604"
2024-08-13,2024-08-13,510300.SH,,4.09361,,6.53938131917295,0.0,0.0,79632.02135262583,风险减半仓,"518880.SH,510300.SH,511580.SH,159915.SZ",0.1641578731141386,"518880.SH:0.3493,510300.SH:0.1645,511580.SH:0.1631,159915.SZ:0.1590"
2024-08-16,2024-08-15,159915.SZ,,1.564,,0.0,0.0,0.0,79504.71855573151,调仓卖出,"518880.SH,511580.SH,512890.SH,561360.SH",0.0,"518880.SH:0.3485,511580.SH:0.1634,512890.SH:0.2443,561360.SH:0.2438"
2024-08-16,2024-08-15,510300.SH,,4.117468000000001,,0.0,0.0,0.0,79504.71855573151,调仓卖出,"518880.SH,511580.SH,512890.SH,561360.SH",0.0,"518880.SH:0.3485,511580.SH:0.1634,512890.SH:0.2443,561360.SH:0.2438"
2024-08-16,2024-08-15,,512890.SH,,2.1078915,0.0,9.686784237822364,79458.57872157516,79504.71855573151,调仓买入,"518880.SH,511580.SH,512890.SH,561360.SH",0.0,"518880.SH:0.3485,511580.SH:0.1634,512890.SH:0.2443,561360.SH:0.2438"
2024-08-16,2024-08-15,,561360.SH,,1.0054999999999998,0.0,9.686784237822364,79458.57872157516,79504.71855573151,调仓买入,"518880.SH,511580.SH,512890.SH,561360.SH",0.0,"518880.SH:0.3485,511580.SH:0.1634,512890.SH:0.2443,561360.SH:0.2438"
2024-08-30,2024-08-29,561360.SH,,0.9975,,0.0,0.0,0.0,79163.83572781862,调仓卖出,"518880.SH,511580.SH,512890.SH,513300.SH",0.0,"518880.SH:0.3544,511580.SH:0.1642,512890.SH:0.2383,513300.SH:0.2432"
2024-08-30,2024-08-29,,513300.SH,,1.79925,0.0,9.600108939651701,79196.71126551183,79163.83572781862,调仓买入,"518880.SH,511580.SH,512890.SH,513300.SH",0.0,"518880.SH:0.3544,511580.SH:0.1642,512890.SH:0.2383,513300.SH:0.2432"
2024-09-11,2024-09-11,512890.SH,,1.950861,,0.0,0.0,17921.340638443562,77778.64311897746,止损,"518880.SH,511580.SH,513300.SH",0.23041467322886322,"518880.SH:0.3620,511580.SH:0.1672,513300.SH:0.2404"
2024-09-13,2024-09-12,513300.SH,,1.835,,0.0,0.0,0.0,78915.68530303062,调仓卖出,"518880.SH,511580.SH,159985.SZ,159915.SZ",0.0,"518880.SH:0.3613,511580.SH:0.1648,159985.SZ:0.2378,159915.SZ:0.2361"
2024-09-13,2024-09-12,,159985.SZ,,1.94475,0.0,9.368877132134106,78997.97601716609,78915.68530303062,调仓买入,"518880.SH,511580.SH,159985.SZ,159915.SZ",0.0,"518880.SH:0.3613,511580.SH:0.1648,159985.SZ:0.2378,159915.SZ:0.2361"
2024-09-13,2024-09-12,,159915.SZ,,1.5175,0.0,9.368877132134106,78997.97601716609,78915.68530303062,调仓买入,"518880.SH,511580.SH,159985.SZ,159915.SZ",0.0,"518880.SH:0.3613,511580.SH:0.1648,159985.SZ:0.2378,159915.SZ:0.2361"
2024-09-27,2024-09-27,511580.SH,,107.0201,,3.239822249293224,0.0,0.0,83781.27259527725,风险减半仓,"518880.SH,511580.SH,159985.SZ,159915.SZ",0.07730134045137708,"518880.SH:0.3462,511580.SH:0.0775,159985.SZ:0.2249,159915.SZ:0.2741"
2024-09-27,2024-09-27,159915.SZ,,1.794,,5.5379787726683976,0.0,6476.404676337157,83368.25791751224,风险减半仓,"518880.SH,511580.SH,159985.SZ,159915.SZ",0.21047368244473558,"518880.SH:0.3479,511580.SH:0.0779,159985.SZ:0.2261,159915.SZ:0.1377"
2024-10-08,2024-09-30,159985.SZ,,1.9345,,0.0,0.0,21324.04985456139,87712.75698769439,调仓卖出,"518880.SH,159915.SZ,510300.SH,512890.SH",0.24311229730873735,"518880.SH:0.3310,159915.SZ:0.1885,510300.SH:0.1196,512890.SH:0.1178"
2024-10-08,2024-09-30,511580.SH,,106.924815,,0.0,0.0,21324.04985456139,87712.75698769439,调仓卖出,"518880.SH,159915.SZ,510300.SH,512890.SH",0.24311229730873735,"518880.SH:0.3310,159915.SZ:0.1885,510300.SH:0.1196,512890.SH:0.1178"
2024-10-08,2024-09-30,,510300.SH,,5.415463999999999,0.0,5.328348289495601,87576.00659605506,87712.75698769439,调仓买入,"518880.SH,159915.SZ,510300.SH,512890.SH",0.24311229730873735,"518880.SH:0.3310,159915.SZ:0.1885,510300.SH:0.1196,512890.SH:0.1178"
2024-10-08,2024-09-30,,512890.SH,,2.4091650000000002,0.0,5.328348289495601,87576.00659605506,87712.75698769439,调仓买入,"518880.SH,159915.SZ,510300.SH,512890.SH",0.24311229730873735,"518880.SH:0.3310,159915.SZ:0.1885,510300.SH:0.1196,512890.SH:0.1178"
2024-10-09,2024-10-09,510300.SH,,5.012294,,2.465831936224584,0.0,21324.63407510535,83070.81880371198,风险减半仓,"518880.SH,159915.SZ,510300.SH,512890.SH",0.3160415714410311,"518880.SH:0.3450,159915.SZ:0.1666,510300.SH:0.0575,512890.SH:0.1148"
2024-10-09,2024-10-09,512890.SH,,2.224002,,2.459411715788415,0.0,26253.832115618294,83217.68889819861,风险减半仓,"518880.SH,159915.SZ,510300.SH,512890.SH",0.3745621459592597,"518880.SH:0.3443,159915.SZ:0.1663,510300.SH:0.0574,512890.SH:0.0573"
2024-10-09,2024-10-09,510300.SH,,5.012294,,0.0,0.0,36099.39417599228,83366.46828594527,止损,"518880.SH,159915.SZ,512890.SH",0.4330205527259725,"518880.SH:0.3437,159915.SZ:0.1660,512890.SH:0.0572"
2024-10-09,2024-10-09,512890.SH,,2.224002,,0.0,0.0,41015.75819585333,83513.3383804319,止损,"518880.SH,159915.SZ",0.4911282316246595,"518880.SH:0.3431,159915.SZ:0.1657"
2024-10-22,2024-10-21,518880.SH,,6.01675,,0.0,0.0,35790.24998399735,85138.37273478371,调仓卖出,"159915.SZ,510300.SH,512890.SH,561360.SH",0.420377425999065,"159915.SZ:0.1577,510300.SH:0.1407,512890.SH:0.1405,561360.SH:0.1408"
2024-10-22,2024-10-21,,561360.SH,,1.05275,0.0,5.962060633682716,84925.99734622825,85138.37273478371,调仓买入,"159915.SZ,510300.SH,512890.SH,561360.SH",0.420377425999065,"159915.SZ:0.1577,510300.SH:0.1407,512890.SH:0.1405,561360.SH:0.1408"
2024-10-23,2024-10-23,510300.SH,,4.896326,,3.0040055023276113,0.0,35791.23053879144,85132.35738392282,风险减半仓,"159915.SZ,510300.SH,512890.SH,561360.SH",0.49095595167716477,"159915.SZ:0.1568,510300.SH:0.0706,512890.SH:0.1404,561360.SH:0.1413"
2024-10-23,2024-10-23,512890.SH,,2.2398584999999995,,2.986486332063213,0.0,41796.23753794434,85128.00689378529,风险减半仓,"159915.SZ,510300.SH,512890.SH,561360.SH",0.5611105611263387,"159915.SZ:0.1568,510300.SH:0.0706,512890.SH:0.0702,561360.SH:0.1413"
2024-10-23,2024-10-23,561360.SH,,1.0625,,3.008639004173776,0.0,47766.2237157387,85127.82991502035,风险减半仓,"159915.SZ,510300.SH,512890.SH,561360.SH",0.6317615888807333,"159915.SZ:0.1568,510300.SH:0.0706,512890.SH:0.0702,561360.SH:0.0707"
2024-11-05,2024-11-04,510300.SH,,4.92562,,0.0,0.0,23951.700055028472,85749.706626169,调仓卖出,"159915.SZ,518880.SH,513300.SH,511580.SH",0.2793210728923814,"159915.SZ:0.1619,518880.SH:0.2796,513300.SH:0.1395,511580.SH:0.1396"
2024-11-05,2024-11-04,512890.SH,,2.232186,,0.0,0.0,23951.700055028472,85749.706626169,调仓卖出,"159915.SZ,518880.SH,513300.SH,511580.SH",0.2793210728923814,"159915.SZ:0.1619,518880.SH:0.2796,513300.SH:0.1395,511580.SH:0.1396"
2024-11-05,2024-11-04,561360.SH,,1.0725000000000002,,0.0,0.0,23951.700055028472,85749.706626169,调仓卖出,"159915.SZ,518880.SH,513300.SH,511580.SH",0.2793210728923814,"159915.SZ:0.1619,518880.SH:0.2796,513300.SH:0.1395,511580.SH:0.1396"
2024-11-05,2024-11-04,,518880.SH,,5.9959999999999996,0.0,11.969865094966746,85384.39109342422,85749.706626169,调仓买入,"159915.SZ,518880.SH,513300.SH,511580.SH",0.2793210728923814,"159915.SZ:0.1619,518880.SH:0.2796,513300.SH:0.1395,511580.SH:0.1396"
2024-11-05,2024-11-04,,513300.SH,,1.8299999999999998,0.0,5.984932547483373,85384.39109342422,85749.706626169,调仓买入,"159915.SZ,518880.SH,513300.SH,511580.SH",0.2793210728923814,"159915.SZ:0.1619,518880.SH:0.2796,513300.SH:0.1395,511580.SH:0.1396"
2024-11-05,2024-11-04,,511580.SH,,107.55194074999999,0.0,5.984932547483373,85384.39109342422,85749.706626169,调仓买入,"159915.SZ,518880.SH,513300.SH,511580.SH",0.2793210728923814,"159915.SZ:0.1619,518880.SH:0.2796,513300.SH:0.1395,511580.SH:0.1396"
2024-11-06,2024-11-06,513300.SH,,1.87675,,3.068913158057219,0.0,23952.356265988885,85917.52818626742,风险减半仓,"159915.SZ,518880.SH,513300.SH,511580.SH",0.35018597839217425,"159915.SZ:0.1597,518880.SH:0.2785,513300.SH:0.0722,511580.SH:0.1393"
2024-11-06,2024-11-06,511580.SH,,107.55720649999999,,2.992612785084681,0.0,30087.113668945265,85914.73092193966,风险减半仓,"159915.SZ,518880.SH,513300.SH,511580.SH",0.419827266398604,"159915.SZ:0.1597,518880.SH:0.2786,513300.SH:0.0722,511580.SH:0.0697"
2024-11-19,2024-11-18,518880.SH,,5.8345,,0.0,0.0,3.637978807091713e-12,85498.336162724,调仓卖出,"159915.SZ,513300.SH,159985.SZ,510300.SH",4.255028776428772e-17,"159915.SZ:0.1599,513300.SH:0.0734,159985.SZ:0.3826,510300.SH:0.3841"
2024-11-19,2024-11-18,511580.SH,,107.59532049999999,,0.0,0.0,3.637978807091713e-12,85498.336162724,调仓卖出,"159915.SZ,513300.SH,159985.SZ,510300.SH",4.255028776428772e-17,"159915.SZ:0.1599,513300.SH:0.0734,159985.SZ:0.3826,510300.SH:0.3841"
2024-11-19,2024-11-18,,159985.SZ,,1.918,0.0,16.328303187124842,85042.4795802217,85498.336162724,调仓买入,"159915.SZ,513300.SH,159985.SZ,510300.SH",4.255028776428772e-17,"159915.SZ:0.1599,513300.SH:0.0734,159985.SZ:0.3826,510300.SH:0.3841"
2024-11-19,2024-11-18,,510300.SH,,4.87428,0.0,16.328303187124845,85042.4795802217,85498.336162724,调仓买入,"159915.SZ,513300.SH,159985.SZ,510300.SH",4.255028776428772e-17,"159915.SZ:0.1599,513300.SH:0.0734,159985.SZ:0.3826,510300.SH:0.3841"
2024-12-03,2024-12-02,159915.SZ,,2.2025,,0.0,0.0,13003.790554740808,84695.72601638784,调仓卖出,"513300.SH,511580.SH,518880.SH,512890.SH",0.1535353809025109,"513300.SH:0.0768,511580.SH:0.1535,518880.SH:0.3072,512890.SH:0.3090"
2024-12-03,2024-12-02,159985.SZ,,1.87025,,0.0,0.0,13003.790554740808,84695.72601638784,调仓卖出,"513300.SH,511580.SH,518880.SH,512890.SH",0.1535353809025109,"513300.SH:0.0768,511580.SH:0.1535,518880.SH:0.3072,512890.SH:0.3090"
2024-12-03,2024-12-02,510300.SH,,4.868843999999999,,0.0,0.0,13003.790554740808,84695.72601638784,调仓卖出,"513300.SH,511580.SH,518880.SH,512890.SH",0.1535353809025109,"513300.SH:0.0768,511580.SH:0.1535,518880.SH:0.3072,512890.SH:0.3090"
2024-12-03,2024-12-02,,511580.SH,,107.66227075,0.0,6.498645954393208,84476.3798663212,84695.72601638784,调仓买入,"513300.SH,511580.SH,518880.SH,512890.SH",0.1535353809025109,"513300.SH:0.0768,511580.SH:0.1535,518880.SH:0.3072,512890.SH:0.3090"
2024-12-03,2024-12-02,,518880.SH,,5.92525,0.0,12.997291908786416,84476.3798663212,84695.72601638784,调仓买入,"513300.SH,511580.SH,518880.SH,512890.SH",0.1535353809025109,"513300.SH:0.0768,511580.SH:0.1535,518880.SH:0.3072,512890.SH:0.3090"
2024-12-03,2024-12-02,,512890.SH,,2.233209,0.0,12.997291908786416,84476.3798663212,84695.72601638784,调仓买入,"513300.SH,511580.SH,518880.SH,512890.SH",0.1535353809025109,"513300.SH:0.0768,511580.SH:0.1535,518880.SH:0.3072,512890.SH:0.3090"
2024-12-04,2024-12-04,511580.SH,,107.66327374999999,,3.249353248441334,0.0,13004.146822975184,84777.97554019307,风险减半仓,"513300.SH,511580.SH,518880.SH,512890.SH",0.23000789818771605,"513300.SH:0.0772,511580.SH:0.0767,518880.SH:0.3068,512890.SH:0.3093"
2024-12-06,2024-12-06,512890.SH,,2.2685025,,6.601350162101208,0.0,19500.672452696228,84931.05889327312,风险减半仓,"513300.SH,511580.SH,518880.SH,512890.SH",0.3849801456946896,"513300.SH:0.0772,511580.SH:0.0765,518880.SH:0.3049,512890.SH:0.1563"
2024-12-17,2024-12-16,511580.SH,,107.739251,,0.0,0.0,0.0,85346.10901257498,调仓卖出,"513300.SH,518880.SH,512890.SH,561360.SH",0.0,"513300.SH:0.0819,518880.SH:0.3053,512890.SH:0.1554,561360.SH:0.4574"
2024-12-17,2024-12-16,,561360.SH,,1.062,0.0,19.59174587706916,85573.4743329617,85346.10901257498,调仓买入,"513300.SH,518880.SH,512890.SH,561360.SH",0.0,"513300.SH:0.0819,518880.SH:0.3053,512890.SH:0.1554,561360.SH:0.4574"
2024-12-31,2024-12-30,518880.SH,,5.918500000000001,,0.0,0.0,16322.764152417989,85226.09313183906,调仓卖出,"513300.SH,512890.SH,511580.SH,510300.SH",0.1915230835134935,"513300.SH:0.0804,512890.SH:0.1570,511580.SH:0.1914,510300.SH:0.3797"
2024-12-31,2024-12-30,561360.SH,,1.06675,,0.0,0.0,16322.764152417989,85226.09313183906,调仓卖出,"513300.SH,512890.SH,511580.SH,510300.SH",0.1915230835134935,"513300.SH:0.0804,512890.SH:0.1570,511580.SH:0.1914,510300.SH:0.3797"
2024-12-31,2024-12-30,,511580.SH,,107.86613049999998,0.0,8.157303424496746,85524.99656025469,85226.09313183906,调仓买入,"513300.SH,512890.SH,511580.SH,510300.SH",0.1915230835134935,"513300.SH:0.0804,512890.SH:0.1570,511580.SH:0.1914,510300.SH:0.3797"
2024-12-31,2024-12-30,,510300.SH,,4.8993459999999995,0.0,16.314606848993492,85524.99656025469,85226.09313183906,调仓买入,"513300.SH,512890.SH,511580.SH,510300.SH",0.1915230835134935,"513300.SH:0.0804,512890.SH:0.1570,511580.SH:0.1914,510300.SH:0.3797"
2025-01-02,2025-01-02,511580.SH,,107.871647,,4.078860303045747,0.0,16323.21135143586,84076.66756586732,风险减半仓,"513300.SH,512890.SH,511580.SH,510300.SH",0.29112539549749233,"513300.SH:0.0819,512890.SH:0.1559,511580.SH:0.0970,510300.SH:0.3740"
2025-01-15,2025-01-14,512890.SH,,2.2050765,,0.0,0.0,0.0,83606.32147014272,调仓卖出,"513300.SH,511580.SH,518880.SH,159985.SZ",0.0,"513300.SH:0.0805,511580.SH:0.0975,518880.SH:0.4109,159985.SZ:0.4111"
2025-01-15,2025-01-14,510300.SH,,4.69912,,0.0,0.0,0.0,83606.32147014272,调仓卖出,"513300.SH,511580.SH,518880.SH,159985.SZ",0.0,"513300.SH:0.0805,511580.SH:0.0975,518880.SH:0.4109,159985.SZ:0.4111"
2025-01-15,2025-01-14,,518880.SH,,6.089,0.0,17.138958322131145,83441.61800754392,83606.32147014272,调仓买入,"513300.SH,511580.SH,518880.SH,159985.SZ",0.0,"513300.SH:0.0805,511580.SH:0.0975,518880.SH:0.4109,159985.SZ:0.4111"
2025-01-15,2025-01-14,,159985.SZ,,1.8737499999999998,0.0,17.138958322131145,83441.61800754392,83606.32147014272,调仓买入,"513300.SH,511580.SH,518880.SH,159985.SZ",0.0,"513300.SH:0.0805,511580.SH:0.0975,518880.SH:0.4109,159985.SZ:0.4111"
2025-02-06,2025-02-05,511580.SH,,107.808458,,0.0,0.0,0.0,87070.85034843633,调仓卖出,"518880.SH,159985.SZ,159915.SZ,510300.SH",0.0,"518880.SH:0.4139,159985.SZ:0.4137,159915.SZ:0.0866,510300.SH:0.0858"
2025-02-06,2025-02-05,513300.SH,,2.05475,,0.0,0.0,0.0,87070.85034843633,调仓卖出,"518880.SH,159985.SZ,159915.SZ,510300.SH",0.0,"518880.SH:0.4139,159985.SZ:0.4137,159915.SZ:0.0866,510300.SH:0.0858"
2025-02-06,2025-02-05,,159915.SZ,,2.0502499999999997,0.0,3.7145109500390276,86984.1860970316,87070.85034843633,调仓买入,"518880.SH,159985.SZ,159915.SZ,510300.SH",0.0,"518880.SH:0.4139,159985.SZ:0.4137,159915.SZ:0.0866,510300.SH:0.0858"
2025-02-06,2025-02-05,,510300.SH,,4.721468,0.0,3.7145109500390276,86984.1860970316,87070.85034843633,调仓买入,"518880.SH,159985.SZ,159915.SZ,510300.SH",0.0,"518880.SH:0.4139,159985.SZ:0.4137,159915.SZ:0.0866,510300.SH:0.0858"
2025-03-20,2025-03-19,159985.SZ,,1.95925,,0.0,0.0,0.0,89797.36339133189,调仓卖出,"518880.SH,510300.SH,512890.SH,561360.SH",0.0,"518880.SH:0.4267,510300.SH:0.0863,512890.SH:0.2426,561360.SH:0.2444"
2025-03-20,2025-03-19,159915.SZ,,2.16775,,0.0,0.0,0.0,89797.36339133189,调仓卖出,"518880.SH,510300.SH,512890.SH,561360.SH",0.0,"518880.SH:0.4267,510300.SH:0.0863,512890.SH:0.2426,561360.SH:0.2444"
2025-03-20,2025-03-19,,512890.SH,,2.264922,0.0,10.913284295654888,89780.34714370167,89797.36339133189,调仓买入,"518880.SH,510300.SH,512890.SH,561360.SH",0.0,"518880.SH:0.4267,510300.SH:0.0863,512890.SH:0.2426,561360.SH:0.2444"
2025-03-20,2025-03-19,,561360.SH,,1.0314999999999999,0.0,10.913284295654888,89780.34714370167,89797.36339133189,调仓买入,"518880.SH,510300.SH,512890.SH,561360.SH",0.0,"518880.SH:0.4267,510300.SH:0.0863,512890.SH:0.2426,561360.SH:0.2444"
2025-04-01,2025-04-01,518880.SH,,7.065,,9.94307279896999,0.0,0.0,91232.99360827685,风险减半仓,"518880.SH,510300.SH,512890.SH,561360.SH",0.21786200078540224,"518880.SH:0.2177,510300.SH:0.0830,512890.SH:0.2410,561360.SH:0.2405"
2025-04-03,2025-04-02,510300.SH,,4.780659999999999,,0.0,0.0,13697.844236274923,91227.46727676762,调仓卖出,"518880.SH,512890.SH,561360.SH,511580.SH",0.15015043873484005,"518880.SH:0.2189,512890.SH:0.2431,561360.SH:0.2377,511580.SH:0.1501"
2025-04-03,2025-04-02,,511580.SH,,107.69236075,0.0,6.845499368453234,91140.33548008864,91227.46727676762,调仓买入,"518880.SH,512890.SH,561360.SH,511580.SH",0.15015043873484005,"518880.SH:0.2189,512890.SH:0.2431,561360.SH:0.2377,511580.SH:0.1501"
2025-04-07,2025-04-07,561360.SH,,0.9400000000000001,,4.97260651377392,0.0,13698.219519678656,87470.90816345955,风险减半仓,"518880.SH,512890.SH,561360.SH,511580.SH",0.27024367800707877,"518880.SH:0.2213,512890.SH:0.2398,561360.SH:0.1120,511580.SH:0.1566"
2025-04-07,2025-04-07,511580.SH,,107.78488749999998,,3.4256904304609774,0.0,23638.459940712724,87469.04449541916,风险减半仓,"518880.SH,512890.SH,561360.SH,511580.SH",0.34853947801842994,"518880.SH:0.2213,512890.SH:0.2398,561360.SH:0.1120,511580.SH:0.0783"
2025-04-07,2025-04-07,561360.SH,,0.9400000000000001,,0.0,0.0,40426.65553223828,87612.19208293268,止损,"518880.SH,512890.SH,511580.SH",0.4614272805087547,"518880.SH:0.2209,512890.SH:0.2395,511580.SH:0.0782"
2025-04-18,2025-04-17,,159985.SZ,,1.95875,0.0,10.104104158207896,90633.48615128292,90689.62596373807,调仓买入,"518880.SH,512890.SH,511580.SH,159985.SZ",0.22293963841749903,"518880.SH:0.2354,512890.SH:0.2435,511580.SH:0.0756,159985.SZ:0.2226"
2025-04-21,2025-04-21,159985.SZ,,1.9732500000000002,,5.089450805407463,0.0,20218.866346941686,91132.9545801022,风险减半仓,"518880.SH,512890.SH,511580.SH,159985.SZ",0.3334982240725803,"518880.SH:0.2386,512890.SH:0.2410,511580.SH:0.0752,159985.SZ:0.1117"
2025-05-07,2025-05-06,159985.SZ,,1.91825,,0.0,0.0,11786.033790049625,90718.18479144762,调仓卖出,"518880.SH,512890.SH,513300.SH,510300.SH",0.12991919775670757,"518880.SH:0.2380,512890.SH:0.2430,513300.SH:0.2596,510300.SH:0.1295"
2025-05-07,2025-05-06,511580.SH,,107.875659,,0.0,0.0,11786.033790049625,90718.18479144762,调仓卖出,"518880.SH,512890.SH,513300.SH,510300.SH",0.12991919775670757,"518880.SH:0.2380,512890.SH:0.2430,513300.SH:0.2596,510300.SH:0.1295"
2025-05-07,2025-05-06,,513300.SH,,1.82,0.0,11.78014371819053,90604.12777372212,90718.18479144762,调仓买入,"518880.SH,512890.SH,513300.SH,510300.SH",0.12991919775670757,"518880.SH:0.2380,512890.SH:0.2430,513300.SH:0.2596,510300.SH:0.1295"
2025-05-07,2025-05-06,,510300.SH,,4.7561979999999995,0.0,5.890071859095265,90604.12777372212,90718.18479144762,调仓买入,"518880.SH,512890.SH,513300.SH,510300.SH",0.12991919775670757,"518880.SH:0.2380,512890.SH:0.2430,513300.SH:0.2596,510300.SH:0.1295"
2025-05-08,2025-05-08,510300.SH,,4.757104,,2.9455969243910287,0.0,11786.35669508497,90874.53144486855,风险减半仓,"518880.SH,512890.SH,513300.SH,510300.SH",0.19449459233432642,"518880.SH:0.2341,512890.SH:0.2439,513300.SH:0.2625,510300.SH:0.0650"
2025-05-21,2025-05-20,518880.SH,,7.409000000000001,,0.0,0.0,0.0,92060.24282095351,调仓卖出,"513300.SH,510300.SH,159915.SZ,561360.SH",0.0,"513300.SH:0.2691,510300.SH:0.0653,159915.SZ:0.3329,561360.SH:0.3326"
2025-05-21,2025-05-20,512890.SH,,2.3554575,,0.0,0.0,0.0,92060.24282095351,调仓卖出,"513300.SH,510300.SH,159915.SZ,561360.SH",0.0,"513300.SH:0.2691,510300.SH:0.0653,159915.SZ:0.3329,561360.SH:0.3326"
2025-05-21,2025-05-20,,159915.SZ,,2.0300000000000002,0.0,15.295013285913466,92056.30618411714,92060.24282095351,调仓买入,"513300.SH,510300.SH,159915.SZ,561360.SH",0.0,"513300.SH:0.2691,510300.SH:0.0653,159915.SZ:0.3329,561360.SH:0.3326"
2025-05-21,2025-05-20,,561360.SH,,1.006,0.0,15.295013285913466,92056.30618411714,92060.24282095351,调仓买入,"513300.SH,510300.SH,159915.SZ,561360.SH",0.0,"513300.SH:0.2691,510300.SH:0.0653,159915.SZ:0.3329,561360.SH:0.3326"
2025-06-05,2025-06-04,159915.SZ,,2.0105,,0.0,0.0,0.0,91962.80589028895,调仓卖出,"513300.SH,561360.SH,512890.SH,159985.SZ",0.0,"513300.SH:0.2739,561360.SH:0.3330,512890.SH:0.1961,159985.SZ:0.1970"
2025-06-05,2025-06-04,510300.SH,,4.808746,,0.0,0.0,0.0,91962.80589028895,调仓卖出,"513300.SH,561360.SH,512890.SH,159985.SZ",0.0,"513300.SH:0.2739,561360.SH:0.3330,512890.SH:0.1961,159985.SZ:0.1970"
2025-06-05,2025-06-04,,512890.SH,,2.3933085,0.0,9.053773884444865,92026.91394959146,91962.80589028895,调仓买入,"513300.SH,561360.SH,512890.SH,159985.SZ",0.0,"513300.SH:0.2739,561360.SH:0.3330,512890.SH:0.1961,159985.SZ:0.1970"
2025-06-05,2025-06-04,,159985.SZ,,1.922,0.0,9.053773884444865,92026.91394959146,91962.80589028895,调仓买入,"513300.SH,561360.SH,512890.SH,159985.SZ",0.0,"513300.SH:0.2739,561360.SH:0.3330,512890.SH:0.1961,159985.SZ:0.1970"
2025-06-13,2025-06-13,561360.SH,,1.08375,,8.238554000302546,0.0,0.0,94139.03435438548,风险减半仓,"513300.SH,561360.SH,512890.SH,159985.SZ",0.1749419840510355,"513300.SH:0.2661,561360.SH:0.1691,512890.SH:0.1922,159985.SZ:0.1977"
2025-06-13,2025-06-13,512890.SH,,2.398935,,4.5375293351193005,0.0,16468.86944660479,94161.58655242421,风险减半仓,"513300.SH,561360.SH,512890.SH,159985.SZ",0.271229399616045,"513300.SH:0.2660,561360.SH:0.1691,512890.SH:0.0961,159985.SZ:0.1976"
2025-07-03,2025-07-02,561360.SH,,1.029,,0.0,0.0,3.637978807091713e-12,95131.47447924556,调仓卖出,"513300.SH,512890.SH,159915.SZ,510300.SH",3.824158962116577e-17,"513300.SH:0.2760,512890.SH:0.0977,159915.SZ:0.3138,510300.SH:0.3125"
2025-07-03,2025-07-02,159985.SZ,,1.9275000000000002,,0.0,0.0,3.637978807091713e-12,95131.47447924556,调仓卖出,"513300.SH,512890.SH,159915.SZ,510300.SH",3.824158962116577e-17,"513300.SH:0.2760,512890.SH:0.0977,159915.SZ:0.3138,510300.SH:0.3125"
2025-07-03,2025-07-02,,159915.SZ,,2.1265,0.0,14.826674430684037,94848.12962357083,95131.47447924556,调仓买入,"513300.SH,512890.SH,159915.SZ,510300.SH",3.824158962116577e-17,"513300.SH:0.2760,512890.SH:0.0977,159915.SZ:0.3138,510300.SH:0.3125"
2025-07-03,2025-07-02,,510300.SH,,4.946175,0.0,14.826674430684035,94848.12962357083,95131.47447924556,调仓买入,"513300.SH,512890.SH,159915.SZ,510300.SH",3.824158962116577e-17,"513300.SH:0.2760,512890.SH:0.0977,159915.SZ:0.3138,510300.SH:0.3125"
2025-07-31,2025-07-30,512890.SH,,2.4260445,,0.0,0.0,0.0,99499.66906661104,调仓卖出,"513300.SH,159915.SZ,510300.SH,561360.SH",0.0,"513300.SH:0.2767,159915.SZ:0.3225,510300.SH:0.3092,561360.SH:0.0916"
2025-07-31,2025-07-30,,561360.SH,,1.06325,0.0,4.584219806014396,100166.28425299785,99499.66906661104,调仓买入,"513300.SH,159915.SZ,510300.SH,561360.SH",0.0,"513300.SH:0.2767,159915.SZ:0.3225,510300.SH:0.3092,561360.SH:0.0916"
2025-08-28,2025-08-27,513300.SH,,2.10575,,0.0,0.0,0.0,109503.21764573503,调仓卖出,"159915.SZ,510300.SH,561360.SH,512890.SH",0.0,"159915.SZ:0.3573,510300.SH:0.3083,561360.SH:0.0852,512890.SH:0.2492"
2025-08-28,2025-08-27,,512890.SH,,2.443947,0.0,13.616068128442603,108148.04881537711,109503.21764573503,调仓买入,"159915.SZ,510300.SH,561360.SH,512890.SH",0.0,"159915.SZ:0.3573,510300.SH:0.3083,561360.SH:0.0852,512890.SH:0.2492"
2025-09-05,2025-09-05,159915.SZ,,2.8475,,9.92686466996774,0.0,0.0,110382.49139927849,风险减半仓,"159915.SZ,510300.SH,561360.SH,512890.SH",0.17977309828499866,"159915.SZ:0.1860,510300.SH:0.3055,561360.SH:0.0841,512890.SH:0.2447"
2025-09-11,2025-09-10,512890.SH,,2.430648,,0.0,0.0,23458.192458348953,111929.20012493827,调仓卖出,"159915.SZ,510300.SH,561360.SH,518880.SH",0.2095806316150237,"159915.SZ:0.1884,510300.SH:0.3083,561360.SH:0.0847,518880.SH:0.2091"
2025-09-11,2025-09-10,,518880.SH,,7.938750000000001,0.0,11.723234611868541,110906.48767639056,111929.20012493827,调仓买入,"159915.SZ,510300.SH,561360.SH,518880.SH",0.2095806316150237,"159915.SZ:0.1884,510300.SH:0.3083,561360.SH:0.0847,518880.SH:0.2091"
2025-09-12,2025-09-12,518880.SH,,7.946,,5.866970381099507,0.0,23458.83514855329,111488.54283069092,风险减半仓,"159915.SZ,510300.SH,561360.SH,518880.SH",0.31561008913540883,"159915.SZ:0.1873,510300.SH:0.3069,561360.SH:0.0848,518880.SH:0.1054"
2025-09-25,2025-09-24,561360.SH,,1.0895,,0.0,0.0,0.0,113763.33489148834,调仓卖出,"159915.SZ,510300.SH,518880.SH,513300.SH",0.0,"159915.SZ:0.1968,510300.SH:0.3056,518880.SH:0.1057,513300.SH:0.3919"
2025-09-25,2025-09-24,,513300.SH,,2.194,0.0,22.28170062018012,113466.76761473395,113763.33489148834,调仓买入,"159915.SZ,510300.SH,518880.SH,513300.SH",0.0,"159915.SZ:0.1968,510300.SH:0.3056,518880.SH:0.1057,513300.SH:0.3919"
2025-10-17,2025-10-16,159915.SZ,,2.9619999999999997,,0.0,0.0,0.0,113742.20139665183,调仓卖出,"510300.SH,518880.SH,513300.SH,561360.SH",0.0,"510300.SH:0.3010,518880.SH:0.1242,513300.SH:0.3948,561360.SH:0.1799"
2025-10-17,2025-10-16,,561360.SH,,1.10375,0.0,10.315710087315681,114385.2109029713,113742.20139665183,调仓买入,"510300.SH,518880.SH,513300.SH,561360.SH",0.0,"510300.SH:0.3010,518880.SH:0.1242,513300.SH:0.3948,561360.SH:0.1799"
2025-10-24,2025-10-24,561360.SH,,1.1375,,5.315569750542055,0.0,0.0,117474.82166271466,风险减半仓,"510300.SH,518880.SH,513300.SH,561360.SH",0.09045192647188413,"510300.SH:0.3006,518880.SH:0.1125,513300.SH:0.4067,561360.SH:0.0897"
2025-10-31,2025-10-30,518880.SH,,8.793499999999998,,0.0,0.0,0.0,118781.3707993051,调仓卖出,"510300.SH,513300.SH,561360.SH,512890.SH",0.0,"510300.SH:0.2965,513300.SH:0.4148,561360.SH:0.0899,512890.SH:0.1988"
2025-10-31,2025-10-30,,512890.SH,,2.4291135,0.0,11.797221236919624,119046.34571927389,118781.3707993051,调仓买入,"510300.SH,513300.SH,561360.SH,512890.SH",0.0,"510300.SH:0.2965,513300.SH:0.4148,561360.SH:0.0899,512890.SH:0.1988"
2025-11-14,2025-11-13,510300.SH,,5.885083750000001,,0.0,0.0,17632.33056820267,119447.96868926109,调仓卖出,"513300.SH,561360.SH,512890.SH,159985.SZ",0.14761515630351524,"513300.SH:0.4039,561360.SH:0.0948,512890.SH:0.2055,159985.SZ:0.1483"
2025-11-14,2025-11-13,,159985.SZ,,1.9877500000000001,0.0,8.811759404399137,119633.20402454502,119447.96868926109,调仓买入,"513300.SH,561360.SH,512890.SH,159985.SZ",0.14761515630351524,"513300.SH:0.4039,561360.SH:0.0948,512890.SH:0.2055,159985.SZ:0.1483"
2025-11-17,2025-11-17,159985.SZ,,1.9705,,4.367644800998239,0.0,17632.81364575248,118926.71799354805,风险减半仓,"513300.SH,561360.SH,512890.SH,159985.SZ",0.22168051088720228,"513300.SH:0.4049,561360.SH:0.0955,512890.SH:0.2045,159985.SZ:0.0734"
2025-11-28,2025-11-27,513300.SH,,2.4042499999999998,,0.0,0.0,24767.559232517866,118825.57182967485,调仓卖出,"561360.SH,159985.SZ,518880.SH,511580.SH",0.2084362721857531,"561360.SH:0.0914,159985.SZ:0.0755,518880.SH:0.4164,511580.SH:0.2083"
2025-11-28,2025-11-27,512890.SH,,2.4608265,,0.0,0.0,24767.559232517866,118825.57182967485,调仓卖出,"561360.SH,159985.SZ,518880.SH,511580.SH",0.2084362721857531,"561360.SH:0.0914,159985.SZ:0.0755,518880.SH:0.4164,511580.SH:0.2083"
2025-11-28,2025-11-27,,518880.SH,,9.073,0.0,24.755181641697018,118822.6616227082,118825.57182967485,调仓买入,"561360.SH,159985.SZ,518880.SH,511580.SH",0.2084362721857531,"561360.SH:0.0914,159985.SZ:0.0755,518880.SH:0.4164,511580.SH:0.2083"
2025-11-28,2025-11-27,,511580.SH,,108.71341475,0.0,12.377590820848509,118822.6616227082,118825.57182967485,调仓买入,"561360.SH,159985.SZ,518880.SH,511580.SH",0.2084362721857531,"561360.SH:0.0914,159985.SZ:0.0755,518880.SH:0.4164,511580.SH:0.2083"
2025-12-01,2025-12-01,511580.SH,,108.704137,,6.188267250245025,0.0,24768.23779578451,119365.54951051544,风险减半仓,"561360.SH,159985.SZ,518880.SH,511580.SH",0.3111331886069239,"561360.SH:0.0931,159985.SZ:0.0733,518880.SH:0.4188,511580.SH:0.1037"
2025-12-12,2025-12-11,159985.SZ,,1.9547500000000002,,0.0,0.0,3.637978807091713e-12,119538.48547603737,调仓卖出,"518880.SH,511580.SH,159915.SZ,513300.SH",3.0433536049952554e-17,"518880.SH:0.4212,511580.SH:0.1036,159915.SZ:0.2384,513300.SH:0.2368"
2025-12-12,2025-12-11,561360.SH,,1.17,,0.0,0.0,3.637978807091713e-12,119538.48547603737,调仓卖出,"518880.SH,511580.SH,159915.SZ,513300.SH",3.0433536049952554e-17,"518880.SH:0.4212,511580.SH:0.1036,159915.SZ:0.2384,513300.SH:0.2368"
2025-12-12,2025-12-11,,159915.SZ,,3.158,0.0,14.177485758489885,119359.16798625697,119538.48547603737,调仓买入,"518880.SH,511580.SH,159915.SZ,513300.SH",3.0433536049952554e-17,"518880.SH:0.4212,511580.SH:0.1036,159915.SZ:0.2384,513300.SH:0.2368"
2025-12-12,2025-12-11,,513300.SH,,2.36875,0.0,14.177485758489887,119359.16798625697,119538.48547603737,调仓买入,"518880.SH,511580.SH,159915.SZ,513300.SH",3.0433536049952554e-17,"518880.SH:0.4212,511580.SH:0.1036,159915.SZ:0.2384,513300.SH:0.2368"
2025-12-26,2025-12-25,513300.SH,,2.349,,0.0,0.0,0.0,122217.63475096048,调仓卖出,"518880.SH,159915.SZ,510300.SH,561360.SH",0.0,"518880.SH:0.4309,159915.SZ:0.2370,510300.SH:0.1658,561360.SH:0.1663"
2025-12-26,2025-12-25,511580.SH,,108.83352399999998,,0.0,0.0,0.0,122217.63475096048,调仓卖出,"518880.SH,159915.SZ,510300.SH,561360.SH",0.0,"518880.SH:0.4309,159915.SZ:0.2370,510300.SH:0.1658,561360.SH:0.1663"
2025-12-26,2025-12-25,,510300.SH,,5.8989775,0.0,10.117332926560184,122113.91537563202,122217.63475096048,调仓买入,"518880.SH,159915.SZ,510300.SH,561360.SH",0.0,"518880.SH:0.4309,159915.SZ:0.2370,510300.SH:0.1658,561360.SH:0.1663"
2025-12-26,2025-12-25,,561360.SH,,1.2095,0.0,10.117332926560184,122113.91537563202,122217.63475096048,调仓买入,"518880.SH,159915.SZ,510300.SH,561360.SH",0.0,"518880.SH:0.4309,159915.SZ:0.2370,510300.SH:0.1658,561360.SH:0.1663"
2026-01-14,2026-01-14,561360.SH,,1.31425,,5.496777510844035,0.0,0.0,126695.70208856878,风险减半仓,"518880.SH,159915.SZ,510300.SH,561360.SH",0.08672794785489912,"518880.SH:0.4273,159915.SZ:0.2361,510300.SH:0.1627,561360.SH:0.0871"
2026-01-15,2026-01-15,159915.SZ,,3.3275,,7.469218470768698,0.0,10988.35928686885,126412.46824018992,风险减半仓,"518880.SH,159915.SZ,510300.SH,561360.SH",0.20503774169401928,"518880.SH:0.4259,159915.SZ:0.1190,510300.SH:0.1634,561360.SH:0.0866"
2026-01-15,2026-01-15,510300.SH,,6.00858375,,5.152659271532182,0.0,25919.327009935478,126386.66363995033,风险减半仓,"518880.SH,159915.SZ,510300.SH,561360.SH",0.2865768574832406,"518880.SH:0.4260,159915.SZ:0.1191,510300.SH:0.0817,561360.SH:0.0866"
2026-01-27,2026-01-26,510300.SH,,5.968520249999999,,0.0,0.0,23229.459764177354,132784.8636422673,调仓卖出,"518880.SH,159915.SZ,561360.SH,511580.SH",0.17494057023516865,"518880.SH:0.4493,159915.SZ:0.1125,561360.SH:0.0884,511580.SH:0.1749"
2026-01-27,2026-01-26,,511580.SH,,108.95087499999998,0.0,11.608925419378988,132647.8943671677,132784.8636422673,调仓买入,"518880.SH,159915.SZ,561360.SH,511580.SH",0.17494057023516865,"518880.SH:0.4493,159915.SZ:0.1125,561360.SH:0.0884,511580.SH:0.1749"
2026-01-28,2026-01-28,511580.SH,,108.94510774999999,,5.804155453895885,0.0,23230.09618773254,135096.428188493,风险减半仓,"518880.SH,159915.SZ,561360.SH,511580.SH",0.257835113830473,"518880.SH:0.4556,159915.SZ:0.1099,561360.SH:0.0907,511580.SH:0.0859"
2026-01-29,2026-01-29,518880.SH,,11.89875,,16.23254257462484,0.0,34833.55725795918,138556.64839574014,风险减半仓,"518880.SH,159915.SZ,561360.SH,511580.SH",0.48559495804535363,"518880.SH:0.2344,159915.SZ:0.1067,561360.SH:0.0895,511580.SH:0.0838"
2026-02-10,2026-02-09,159915.SZ,,3.32,,0.0,0.0,23452.16889986549,135087.07578457636,调仓卖出,"518880.SH,561360.SH,512890.SH,159985.SZ",0.1736077915941027,"518880.SH:0.2155,561360.SH:0.0901,512890.SH:0.3477,159985.SZ:0.1731"
2026-02-10,2026-02-09,511580.SH,,109.05493625000001,,0.0,0.0,23452.16889986549,135087.07578457636,调仓卖出,"518880.SH,561360.SH,512890.SH,159985.SZ",0.1736077915941027,"518880.SH:0.2155,561360.SH:0.0901,512890.SH:0.3477,159985.SZ:0.1731"
2026-02-10,2026-02-09,,512890.SH,,2.4219525,0.0,23.440448675527726,135064.26882710037,135087.07578457636,调仓买入,"518880.SH,561360.SH,512890.SH,159985.SZ",0.1736077915941027,"518880.SH:0.2155,561360.SH:0.0901,512890.SH:0.3477,159985.SZ:0.1731"
2026-02-10,2026-02-09,,159985.SZ,,1.9797500000000001,0.0,11.720224337763863,135064.26882710037,135087.07578457636,调仓买入,"518880.SH,561360.SH,512890.SH,159985.SZ",0.1736077915941027,"518880.SH:0.2155,561360.SH:0.0901,512890.SH:0.3477,159985.SZ:0.1731"
2026-02-11,2026-02-11,159985.SZ,,1.98475,,5.874912300638168,0.0,23452.811425040825,135666.48179957486,风险减半仓,"518880.SH,561360.SH,512890.SH,159985.SZ",0.25943593912912116,"518880.SH:0.2164,561360.SH:0.0907,512890.SH:0.3468,159985.SZ:0.0867"
2026-04-01,2026-03-31,561360.SH,,1.536,,0.0,0.0,0.0,134737.7430450229,调仓卖出,"512890.SH,159985.SZ,511580.SH,159915.SZ",0.0,"512890.SH:0.3518,159985.SZ:0.0897,511580.SH:0.2792,159915.SZ:0.2793"
2026-04-01,2026-03-31,518880.SH,,9.9785,,0.0,0.0,0.0,134737.7430450229,调仓卖出,"512890.SH,159985.SZ,511580.SH,159915.SZ",0.0,"512890.SH:0.3518,159985.SZ:0.0897,511580.SH:0.2792,159915.SZ:0.2793"
2026-04-01,2026-03-31,,511580.SH,,109.30468325,0.0,18.810334074878572,134907.71958572994,134737.7430450229,调仓买入,"512890.SH,159985.SZ,511580.SH,159915.SZ",0.0,"512890.SH:0.3518,159985.SZ:0.0897,511580.SH:0.2792,159915.SZ:0.2793"
2026-04-01,2026-03-31,,159915.SZ,,3.231,0.0,18.810334074878572,134907.71958572994,134737.7430450229,调仓买入,"512890.SH,159985.SZ,511580.SH,159915.SZ",0.0,"512890.SH:0.3518,159985.SZ:0.0897,511580.SH:0.2792,159915.SZ:0.2793"
2026-04-16,2026-04-15,159985.SZ,,2.1092500000000003,,0.0,0.0,0.0,139626.80044283238,调仓卖出,"511580.SH,159915.SZ,513300.SH,510300.SH",0.0,"511580.SH:0.2695,159915.SZ:0.3022,513300.SH:0.2142,510300.SH:0.2140"
2026-04-16,2026-04-15,512890.SH,,2.431671,,0.0,0.0,0.0,139626.80044283238,调仓卖出,"511580.SH,159915.SZ,513300.SH,510300.SH",0.0,"511580.SH:0.2695,159915.SZ:0.3022,513300.SH:0.2142,510300.SH:0.2140"
2026-04-16,2026-04-15,,513300.SH,,2.32225,0.0,14.87409000895517,138694.53994989966,139626.80044283238,调仓买入,"511580.SH,159915.SZ,513300.SH,510300.SH",0.0,"511580.SH:0.2695,159915.SZ:0.3022,513300.SH:0.2142,510300.SH:0.2140"
2026-04-16,2026-04-15,,510300.SH,,5.9856247499999995,0.0,14.87409000895517,138694.53994989966,139626.80044283238,调仓买入,"511580.SH,159915.SZ,513300.SH,510300.SH",0.0,"511580.SH:0.2695,159915.SZ:0.3022,513300.SH:0.2142,510300.SH:0.2140"
2026-04-30,2026-04-29,511580.SH,,109.52910449999999,,0.0,0.0,18839.53043744813,141488.32767170627,调仓卖出,"159915.SZ,513300.SH,510300.SH,159985.SZ",0.1331525416086709,"159915.SZ:0.3036,513300.SH:0.2160,510300.SH:0.2147,159985.SZ:0.1325"
2026-04-30,2026-04-29,,159985.SZ,,2.17075,0.0,9.415057689879125,141777.57538156846,141488.32767170627,调仓买入,"159915.SZ,513300.SH,510300.SH,159985.SZ",0.1331525416086709,"159915.SZ:0.3036,513300.SH:0.2160,510300.SH:0.2147,159985.SZ:0.1325"
2026-05-06,2026-05-06,159985.SZ,,2.1602500000000004,,4.684758349547711,0.0,18840.046588966965,143995.17985954272,风险减半仓,"159915.SZ,513300.SH,510300.SH,159985.SZ",0.19587376853325741,"159915.SZ:0.3061,513300.SH:0.2192,510300.SH:0.2138,159985.SZ:0.0650"
2026-05-07,2026-05-07,510300.SH,,6.2114674999999995,,7.717651084182961,0.0,28205.651266110912,145371.06472143575,风险减半仓,"159915.SZ,513300.SH,510300.SH,159985.SZ",0.30015076154944537,"159915.SZ:0.3080,513300.SH:0.2219,510300.SH:0.1064,159985.SZ:0.0636"
